#SUBSET	chr21
#SUBSET_SOFTWARE	SECS_1.8.2.1
#ASSEMBLY_ID	GS19240-180-36-21-ASM
#CHROMOSOME	chr21
#FORMAT_VERSION	1.3
#GENERATED_AT	2010-Jul-14 14:21:04.402357
#GENERATED_BY	ExportEvidence
#SAMPLE	GS00028-DNA_C01
#SOFTWARE_VERSION	1.8.0.23
#TYPE	EVIDENCE-DNBS

>IntervalId	Chromosome	Slide	Lane	FileNumInLane	DnbOffsetInLaneFile	AlleleIndex	Side	Strand	OffsetInAllele	AlleleAlignment	OffsetInReference	ReferenceAlignment	MateOffsetInReference	MateReferenceAlignment	MappingQuality	ScoreAllele0	ScoreAllele1	ScoreAllele2	Sequence	Scores
0	chr21	GS10364-FS3	L04	5	31842	0	R	-	12	5M2B10M0N10M7N10M	9719779	5M2B10M0N10M7N10M	9720139	10M6N10M0N10M2B5M	H	39	39	0	TGCTCTCATTCAAAAGAAACACTTATGAGATGAGAAGTTCAAATGTGAATCCAACCCTCACAAAGAGAAG	3831567766677569;;<;;;6787/93148-0/%4(78)25%2:9899;;;:8886881874694599
0	chr21	GS10364-FS3	L04	5	250101	0	L	+	13	5M2B10M0N10M6N10M	9719780	5M2B10M0N10M6N10M	9720077	10M5N10M0N10M1B5M	:	25	25	0	TTCTTTTTGTGAGGGTTGGATTCATCATTTGAACAGGAAATATCTTAAAAGCTAGACAGAAGCTTTTCTG	585386'78*647778:<<+;:;67:99:8::91/28/781.0.3::;:::;;:88868855656:9697
0	chr21	GS10364-FS3	L04	5	31842	1	R	-	13	5M2B10M0N10M7N10M	9719779	5M2B10M0N10M7N10M	9720139	10M6N10M0N10M2B5M	H	39	39	0	TGCTCTCATTCAAAAGAAACACTTATGAGATGAGAAGTTCAAATGTGAATCCAACCCTCACAAAGAGAAG	3831567766677569;;<;;;6787/93148-0/%4(78)25%2:9899;;;:8886881874694599
0	chr21	GS10364-FS3	L04	5	250101	1	L	+	14	5M2B10M0N10M6N10M	9719780	5M2B10M0N10M6N10M	9720077	10M5N10M0N10M1B5M	:	25	25	0	TTCTTTTTGTGAGGGTTGGATTCATCATTTGAACAGGAAATATCTTAAAAGCTAGACAGAAGCTTTTCTG	585386'78*647778:<<+;:;67:99:8::91/28/781.0.3::;:::;;:88868855656:9697
0	chr21	GS10364-FS3	L04	5	100008	2	L	+	0	5M2B10M0N10M5N10M	9719767	1I4M2B10M0N10M5N10M	9720037	10M7N10M0N10M2B5M	2	0	0	17	GAATTTTCTGAGAAACTTCTTTGTGTGCATTCATCAAGGGATACTCGATTGAGGCCTTTGGTGATATATT	6789777556673669;;;:8-9::7:9999:-//487888121$9:79:;<;:8888281.66/+(&-7
1	chr21	GS10364-FS3	L04	5	141533	1	L	+	33	5M2B10M0N10M6N10M	9719863	5M2B10M0N10M6N10M	9720176	10M5N10M0N10M2B5M	+	0	10		CAAAGAGGGATAATTGTGAACCCTTCTATGGTGAACAGTTTAGAACTTTTTGCATAATCTGCAAAAATGG	577.98366656/608;:8::;::.:7::9:8:1047871-222096995;;;:689883.4364:9156
2	chr21	GS10364-FS3	L04	5	141533	1	L	+	-29	5M2B10M0N10M6N10M	9719863	5M2B10M0N10M6N10M	9720176	10M5N10M0N10M2B5M	0	0	15		CAAAGAGGGATAATTGTGAACCCTTCTATGGTGAACAGTTTAGAACTTTTTGCATAATCTGCAAAAATGG	577.98366656/608;:8::;::.:7::9:8:1047871-222096995;;;:689883.4364:9156
2	chr21	GS10364-FS3	L04	5	278432	1	R	-	-26	5M2B10M0N10M6N10M	9719866	5M2B10M0N10M6N10M	9720173	10M6N10M1N10M2B5M	J	21	41		CATTTTTGCAGATTAGCAAAAAGAGCAAACTGCTCTACTTCACCATCAAAGTGTTCACAATTATCTCCCT	6689676868666769;;;76::8::99698991/088075*/408999:;&;:88888855565::699
2	chr21	GS10364-FS3	L04	5	431770	1	L	+	1	5M2B10M0N10M4N10M	9719893	5M2B10M0N10M4N10M	9720173	10M5N10M0N10M2B5M	-	0	12		TATGGGGTGAAGTAGGAAATATCTTTAAAAACTACCAGCAGTTTGACTCTTTTTGCATAATCTGTGCAAA	6700657673667.61;;:0::::%88::87:9)/%/05$4.+++:982:;8$,83/88742),%2:728
5	chr21	GS10364-FS3	L04	5	250101	1	R	+	4	10M5N10M0N10M1B5M	9720077	10M5N10M0N10M1B5M	9719780	5M2B10M0N10M6N10M	T	25	51		TTCTTTTTGTGAGGGTTGGATTCATCATTTGAACAGGAAATATCTTAAAAGCTAGACAGAAGCTTTTCTG	585386'78*647778:<<+;:;67:99:8::91/28/781.0.3::;:::;;:88868855656:9697
8	chr21	GS10364-FS3	L04	5	97421	0	L	+	-21	5M3B10M2N10M5N10M	9720200	5M3B10M2N10M5N10M	9720509	10M6N10M0N10M2B5M	$	3	0	3	TAATCATCTGCAAATATAATTGGAGTGAGGCCTATTTTCATTGAGGGAAACAGACTTTTTATAGAGAATC	&887977737677729:7;89;;-0974899791/#128/72032::::9;9::847-885662599989
8	chr21	GS10364-FS3	L04	5	97421	2	L	+	-21	5M3B10M2N10M5N10M	9720200	5M3B10M2N10M5N10M	9720509	10M6N10M0N10M2B5M	$	3	0	3	TAATCATCTGCAAATATAATTGGAGTGAGGCCTATTTTCATTGAGGGAAACAGACTTTTTATAGAGAATC	&887977737677729:7;89;;-0974899791/#128/72032::::9;9::847-885662599989
8	chr21	GS10364-FS3	L04	5	246918	2	R	-	-13	5M2B10M0N10M6N10M	9720208	5M2B10M0N10M6N10M	9720610	10M6N10M0N10M2B5M	>	2	0	29	GCATCTCACAAAGAAGTTTCTCAGACTGTTTAGTGTTTTCACCATCAAAACACTCCAATTATCCACATTT	7888(67887676668:;8;7::0797929:8:0-+26788262*:9:/*;;:748989636685:9999
8	chr21	GS10364-FS3	L04	5	385511	2	R	-	-2	5M2B10M0N10M6N10M	9720219	5M2B10M0N10M6N10M	9720527	10M5N10M0N10M2B5M	%	0	0	4	CCAAAAATATGCATTTCCAAATTCTGAGTCTGTTTAGATATTTCCACCATAGGCCTCAAAACACTCTCCA	6888987676464658;;;;:2::&%,384&31'/)8-/653/33:::::(;;:7)9989848768:999
11	chr21	GS10364-FS3	L04	5	383183	2	L	+	11	5M2B10M0N10M6N10M	9720368	5M2B10M0N10M6N10M	9720560	10M6N10M0N10M2B5M	5	2	0	20	TGTAGAGAGTCTGCAAATGGATATTGCTCTGAGTTTTTGGAGAGCGCCTATGGAGAAAAAGGAAAAATAT	485696536/566768;;<;2::34:87:9992-/42,684.5.1748::;;;:78898965.68::-68
14	chr21	GS10364-FS3	L04	5	67401	0	R	-	-22	5M2B10M0N10M6N10M	9720542	5M2B10M0N10M6N10M	9720784	10M5N10M0N10M1B5M	.	13	1		CACACCATCACAAAGAAGTTTCTCATATCTTTCTATAGGCCTCAACCGAATATGCATTTCCAGATATTCT	78881577777677682;;;:694.9299/%(8&/272,40/6/37::9::7;:488868726779:798
15	chr21	GS10364-FS3	L04	5	246918	1	L	-	-9	10M6N10M0N10M2B5M	9720610	10M6N10M0N10M2B5M	9720208	5M2B10M0N10M6N10M	:	2	25	2	GCATCTCACAAAGAAGTTTCTCAGACTGTTTAGTGTTTTCACCATCAAAACACTCCAATTATCCACATTT	7888(67887676668:;8;7::0797929:8:0-+26788262*:9:/*;;:748989636685:9999
15	chr21	GS10364-FS3	L04	5	369217	1	L	+	20	5M2B10M0N10M6N10M	9720639	5M2B10M0N10M6N10M	9721119	10M7N10M0N10M2B5M	+	0	10	10	TTTGTGTGATGCGTGCATTCATATCCTGAAACTTTAAAAACTAGATTTCTGAGAAACTTCTTTGTGTGAT	7229%6,666654758;;:;98::9::9::1871.7788834020:9999::;:889889,0-/&::997
15	chr21	GS10364-FS3	L04	5	369217	2	L	+	20	5M2B10M0N10M6N10M	9720639	5M2B10M0N10M6N10M	9721119	10M7N10M0N10M2B5M	+	0	10	10	TTTGTGTGATGCGTGCATTCATATCCTGAAACTTTAAAAACTAGATTTCTGAGAAACTTCTTTGTGTGAT	7229%6,666654758;;:;98::9::9::1871.7788834020:9999::;:889889,0-/&::997
18	chr21	GS10364-FS3	L04	5	67401	0	L	-	33	10M5N10M0N10M1B5M	9720784	10M5N10M0N10M1B5M	9720542	5M2B10M0N10M6N10M	.	13	0		CACACCATCACAAAGAAGTTTCTCATATCTTTCTATAGGCCTCAACCGAATATGCATTTCCAGATATTCT	78881577777677682;;;:694.9299/%(8&/272,40/6/37::9::7;:488868726779:798
34	chr21	GS10364-FS3	L04	5	181886	2	R	-	-31	5M2B10M0N10M6N10M	9721481	5M2B10M0N10M6N10M	9721820	10M6N10M0N10M2B5M	%	0	0	4	GTGAGAGATGAATACACACATCACATTTTGCAGAATCTATGAGATACACACCACAAAAAAGTTTATATCA	7886956388676379;;;::::7898998:9:1/&8/7352602:5:6:8:;:888886*6242:9899
35	chr21	GS10364-FS3	L04	5	210442	0	L	-	35	10M6N10M0N10M2B5M	9721597	10M6N10M0N10M2B5M	9721377	5M2B10M0N10M6N10M	/	53	30	30	TTTTTTTATGTGACGATATTTCCTACATGGGCCGTAAATATCCCTATTCTACAAAAGGACTGTTTTTCCA	7889867./6676778;<;;-;::7999881691/784874-30,9497:9;;:87999856173:99:9
36	chr21	GS10364-FS3	L04	5	210442	0	L	-	-24	10M6N10M0N10M2B5M	9721597	10M6N10M0N10M2B5M	9721377	5M2B10M0N10M6N10M	/	53	25		TTTTTTTATGTGACGATATTTCCTACATGGGCCGTAAATATCCCTATTCTACAAAAGGACTGTTTTTCCA	7889867./6676778;<;;-;::7999881691/784874-30,9497:9;;:87999856173:99:9
38	chr21	GS10364-FS3	L04	5	215029	0	L	-	21	10M6N10M0N10M2B5M	9721747	10M6N10M0N10M2B5M	9721406	5M2B10M0N10M6N10M	'	60	31		TTTTTTTCACCATAGGCCTCAAAGCAATACCCATTTTTTTCACCCTCAATGGGCTCAGAAATATCTCCCT	5879774757646743;;973:9:99-99::9:1/&607(211128:;:98;::88988896615::899
39	chr21	GS10364-FS3	L04	5	215029	0	L	-	-27	10M6N10M0N10M2B5M	9721747	10M6N10M0N10M2B5M	9721406	5M2B10M0N10M6N10M	'	60	33		TTTTTTTCACCATAGGCCTCAAAGCAATACCCATTTTTTTCACCCTCAATGGGCTCAGAAATATCTCCCT	5879774757646743;;973:9:99-99::9:1/&607(211128:;:98;::88988896615::899
40	chr21	GS10364-FS3	L04	5	181886	1	L	-	-1	10M6N10M0N10M2B5M	9721820	10M6N10M0N10M2B5M	9721481	5M2B10M0N10M6N10M	(	0	7	7	GTGAGAGATGAATACACACATCACATTTTGCAGAATCTATGAGATACACACCACAAAAAAGTTTATATCA	7886956388676379;;;::::7898998:9:1/&8/7352602:5:6:8:;:888886*6242:9899
40	chr21	GS10364-FS3	L04	5	361610	1	L	+	33	5M2B10M0N10M6N10M	9721854	5M2B10M0N10M6N10M	9722124	10M6N10M0N10M2B5M	H	8	39	8	CTCACACAGAGTTGAACCTTTCTTTAGCAGTTTTCAGAAAGAGAATCATATAAAAACTAGCAAAAAAGCA	0738.64766666769;;;;::694098195-71/-4877734207:99:;;;:888888/8665::899
40	chr21	GS10364-FS3	L04	5	181886	2	L	-	-1	10M6N10M0N10M2B5M	9721820	10M6N10M0N10M2B5M	9721481	5M2B10M0N10M6N10M	(	0	7	7	GTGAGAGATGAATACACACATCACATTTTGCAGAATCTATGAGATACACACCACAAAAAAGTTTATATCA	7886956388676379;;;::::7898998:9:1/&8/7352602:5:6:8:;:888886*6242:9899
41	chr21	GS10364-FS3	L04	5	184565	0	R	-	51	5M2B10M0N10M7N10M	9721930	5M2B10M0N10M7N10M	9722323	10M5N10M0N10M2B5M	W	54	26		ACACACAACACAAAGAAGTTTCTCCCTTCGGTCTAAAGATATTTCACCATAGGCCTCAATGGGCTCTCAG	7889974887677768;;;<9:3::89:99:581/77888/11/0;::98*;9:8)88683/03/6:698
42	chr21	GS10364-FS3	L04	5	191227	0	L	+	-7	5M2B10M0N10M6N10M	9721963	5M2B10M0N10M6N10M	9722234	10M6N10M0N10M2B5M	O	46	20		ATATCTCTTCACACGAAATCTTAGCATTCTGAGAAGGGGACAGTCTATAATGTGCAAAAGGATATATTTG	88829.2$54657668;;7;4(*$498859:991/7724/2&00/9:9:9;:;:8888886253699889
43	chr21	GS10364-FS3	L04	5	24580	0	R	+	42	10M5N10M0N10M2B5M	9722065	10M5N10M0N10M2B5M	9721643	5M2B10M0N10M6N10M	+	10	0	10	GAAGCGCTTTCTGAGAGACTACTTTTTTGCTTCCGGAAACTAACCTACAATCTGCAAAGGGATATATTTC	5777957'60777379:;<;6:2:1199:99991/,7787"%*&*2898::;;:88999977155:99.5
43	chr21	GS10364-FS3	L04	5	24580	2	R	+	42	10M5N10M0N10M2B5M	9722065	10M5N10M0N10M2B5M	9721643	5M2B10M0N10M6N10M	+	10	0	10	GAAGCGCTTTCTGAGAGACTACTTTTTTGCTTCCGGAAACTAACCTACAATCTGCAAAGGGATATATTTC	5777957'60777379:;<;6:2:1199:99991/,7787"%*&*2898::;;:88999977155:99.5
44	chr21	GS10364-FS3	L04	5	361610	0	R	+	-26	10M6N10M0N10M2B5M	9722124	10M6N10M0N10M2B5M	9721854	5M2B10M0N10M6N10M	)	8	0		CTCACACAGAGTTGAACCTTTCTTTAGCAGTTTTCAGAAAGAGAATCATATAAAAACTAGCAAAAAAGCA	0738.64766666769;;;;::694098195-71/-4877734207:99:;;;:888888/8665::899
45	chr21	GS10364-FS3	L04	5	191227	0	R	+	-19	10M6N10M0N10M2B5M	9722234	10M6N10M0N10M2B5M	9721963	5M2B10M0N10M6N10M	O	46	16		ATATCTCTTCACACGAAATCTTAGCATTCTGAGAAGGGGACAGTCTATAATGTGCAAAAGGATATATTTG	88829.2$54657668;;7;4(*$498859:991/7724/2&00/9:9:9;:;:8888886253699889
46	chr21	GS10364-FS3	L04	5	184565	0	L	-	6	10M5N10M0N10M2B5M	9722323	10M5N10M0N10M2B5M	9721930	5M2B10M0N10M7N10M	U	54	0		ACACACAACACAAAGAAGTTTCTCCCTTCGGTCTAAAGATATTTCACCATAGGCCTCAATGGGCTCTCAG	7889974887677768;;;<9:3::89:99:581/77888/11/0;::98*;9:8)88683/03/6:698
49	chr21	GS10364-FS3	L04	5	211653	0	R	+	-21	10M5N10M0N10M2B5M	9722444	10M5N10M0N10M2B5M	9722198	5M2B10M0N10M6N10M	V	53	26		ACACACAGAGTTGAAACTTTCTTTTGCAGTTTGGGCAGCATTTCAATGGTGAACAGGAAATTTCTCTTCA	8879978766677779;<;;8999599999::91/6378/1-23&36:::;;;:8784882213789776
49	chr21	GS10364-FS3	L04	5	195453	1	R	-	-5	5M2B10M0N10M6N10M	9722460	5M2B10M0N10M6N10M	9722763	10M5N10M0N10M2B5M	,	2	11		AGGCCCCTCAAAGCACTCCAAATATTGCAAGTTCTTCTGTCTAGTGTGAAGAAATTTCTTGTTCACACCA	7-79-762&8666779;6;;::::/988:99:61/7888582*029:;::;;;:8,)8*84244/9:999
55	chr21	GS10364-FS3	L04	5	195453	1	L	-	3	10M5N10M0N10M2B5M	9722763	10M5N10M0N10M2B5M	9722460	5M2B10M0N10M6N10M	<	2	27		AGGCCCCTCAAAGCACTCCAAATATTGCAAGTTCTTCTGTCTAGTGTGAAGAAATTTCTTGTTCACACCA	7-79-762&8666779;6;;::::/988:99:61/7888582*029:;::;;;:8,)8*84244/9:999
57	chr21	GS10364-FS3	L04	5	205180	0	R	-	-4	5M2B10M0N10M6N10M	9722862	5M2B10M0N10M6N10M	9723236	10M5N10M0N10M2B5M	@	31	4		AAAAAAACTGTTTCCGAACTGCTTCAAGAAAGATTAGCAAGGTCCGTGAGATGAAAGCACACATCTCACA	888988(7+2667669:;<41;9:1;9929:,3-0608587,-**8799:94;:98698874754::998
61	chr21	GS10364-FS3	L04	5	338337	0	L	+	3	5M2B10M0N10M6N10M	9723132	5M2B10M0N10M6N10M	9723364	10M5N10M0N10M2B5M	7	22	1		ACGGTGTTTGAGACCTATGGTGAAATAACTTCAAATGAGAAAGTTTGACGTGGGCTTTCATCTCACACAG	6879886477665669:;;;:;:999:7:9:991/(876.31.,.0:*999;;:8*7371&421,84978
63	chr21	GS10364-FS3	L04	5	205180	0	L	-	-14	10M5N10M0N10M2B5M	9723236	10M5N10M0N10M2B5M	9722862	5M2B10M0N10M6N10M	'	32	4		AAAAAAACTGTTTCCGAACTGCTTCAAGAAAGATTAGCAAGGTCCGTGAGATGAAAGCACACATCTCACA	888988(7+2667669:;<41;9:1;9929:,3-0608587,-**8799:94;:98698874754::998
64	chr21	GS10364-FS3	L04	5	80780	0	L	+	3	5M1B10M0N10M5N10M	9723305	5M1B10M0N10M5N10M	9723597	10M6N10M1N10M3B5M	A	32	5		CTTTGGAGGCCTAAGGAGAAATAGGTCTTCACATATTTTGGAAACTTTGTAGCATTGCAAGAGTAGTATA	8837967777617717;;<::8:998:99:::910(8-18342-49:9::4;8:8'784854*63::9,7
65	chr21	GS10364-FS3	L04	5	237226	1	R	+	-8	10M5N10M0N10M2B5M	9723342	10M5N10M0N10M2B5M	9723110	5M2B10M0N10M6N10M	0	0	15	0	ATCTGTGCAAAGGAATATTTGTTTAGAGACCTATGTAAAAACTAGAACTTTCTGAGAAACTTCTTGCTGT	788986869866776,:67%6:::&107998491/&838773+53:78::;39:888788(36%/%)19)
65	chr21	GS10364-FS3	L04	5	361945	1	L	+	-26	5M2B10M0N10M6N10M	9723324	5M2B10M0N10M6N10M	9723656	10M6N10M0N10M2B5M	2	0	17	0	ATAGGGGAAATATCTTCACATAAAACAGAAACTTAATTTTTGAAAATATCTTCACATAAAAACTATAGAT	785680%660171769;;<;::;:9::9:99:81/'#&5($)0'-99:8839;:8868886684453887
68	chr21	GS10364-FS3	L04	5	185209	0	L	+	-16	5M2B10M0N10M6N10M	9723456	5M2B10M0N10M6N10M	9723807	10M5N10M0N10M2B5M	L	43	0		CAGAGAGGGCTATTAGTGAGCGGACACAGTGAAAAATTTGGAGTGAGGCCCATGGAGAAAAAGGAGAAAT	7,79967888&57669;;37;:8:+::98:::910477,875412/6::::;;:8%288848688::9:8
79	chr21	GS10364-FS3	L04	5	253354	0	L	+	-20	5M2B10M0N10M6N10M	9724135	5M2B10M0N10M6N10M	9724402	10M6N10M0N10M2B5M	4	19	0		CTGCACAAAGGGATATTTTTGAGACAGCTTATAGTCGAGATGTGTCTCTCACAGAGTTAAAACTTTTTCT	8889977665677477;:;;:76::88:::9691/0348%3112,&68/9;:;%-888887457779997
79	chr21	GS10364-FS3	L04	5	421973	0	L	+	-20	5M2B10M0N10M6N10M	9724135	5M2B10M0N10M6N10M	9724405	10M6N10M0N10M2B5M	@	31	6		CTGCACAAAGGGATATTTTTGAGACAGCTTATAGTGATGTGTGCTTCACAGAGTTAAAACTCTCTCTTTT	580692696760475+:;;;:*;9:999679:8/-588667.4..15)96;;;:8887976457397%-.
82	chr21	GS10364-FS3	L04	5	200245	0	R	-	-3	5M2B10M0N10M5N10M	9724273	5M2B10M0N10M5N10M	9724615	10M7N10M0N10M2B5M	/	14	0	0	TGCAGCGATTCTACAAAAAGACTGTCTGCTCAATGCCAGTTTCTACAACCATTTCCATACTGCTCCCAAT	78861$47356(6768;<;<9:9:738/898::1/38766#%3(287::9;65:78887847737&;9:8
82	chr21	GS10364-FS3	L04	5	411058	1	L	-	28	10M5N10M0N10M2B5M	9724304	10M5N10M0N10M2B5M	9724062	5M2B10M0N10M7N10M	$	0	3	3	TAGGCGCCTCAAAGGGCTAAGAAATTTTCCAGATTCAAAAGAAACTCTGTCAGATGAATGGAGACGCATC	786995/545636479;<<;:;::3596889891/)7888244417::::;:::88888712&%1895(8
82	chr21	GS10364-FS3	L04	5	447839	1	R	+	9	10M5N10M0N10M2B5M	9724285	10M5N10M0N10M2B5M	9723914	5M2B10M0N10M6N10M	5	0	20	4	TGTTGTGAAACTTTATTTTGTTTGATAGAGACAGTGGAAATGGTGTTAGAATCTGGAAAGGGATATATTT	54/9975428677668:<9%99:.&99:9:8:7106828/,3/(-:979:;;6:8768887923-5:879
82	chr21	GS10364-FS3	L04	5	411058	2	L	-	28	10M5N10M0N10M2B5M	9724304	10M5N10M0N10M2B5M	9724062	5M2B10M0N10M7N10M	$	0	3	3	TAGGCGCCTCAAAGGGCTAAGAAATTTTCCAGATTCAAAAGAAACTCTGTCAGATGAATGGAGACGCATC	786995/545636479;<<;:;::3596889891/)7888244417::::;:::88888712&%1895(8
83	chr21	GS10364-FS3	L04	5	406813	2	R	-	-13	5M2B10M0N10M6N10M	9724326	5M2B10M0N10M6N10M	9724609	10M6N10M0N10M2B5M	T	18	0	51	TCTACACAAAAAGACTGTATCCAAAAATAAAAAGATGATGATATTCTCACCATAGGCCTCAAAGGGGGCT	4839976866776569:;<(6;:81:9899:;:1/039#86)*1/935::;;;:88888642062-:878
84	chr21	GS10364-FS3	L04	5	253354	0	R	+	-14	10M6N10M0N10M2B5M	9724402	10M6N10M0N10M2B5M	9724135	5M2B10M0N10M6N10M	4	19	0	19	CTGCACAAAGGGATATTTTTGAGACAGCTTATAGTCGAGATGTGTCTCTCACAGAGTTAAAACTTTTTCT	8889977665677477;:;;:76::88:::9691/0348%3112,&68/9;:;%-888887457779997
84	chr21	GS10364-FS3	L04	5	421973	0	R	+	-11	10M6N10M0N10M2B5M	9724405	10M6N10M0N10M2B5M	9724135	5M2B10M0N10M6N10M	@	31	0	31	CTGCACAAAGGGATATTTTTGAGACAGCTTATAGTGATGTGTGCTTCACAGAGTTAAAACTCTCTCTTTT	580692696760475+:;;;:*;9:999679:8/-588667.4..15)96;;;:8887976457397%-.
84	chr21	GS10364-FS3	L04	5	399378	1	L	+	-11	5M2B10M1N10M6N10M	9724405	5M2B10M1N10M5N1P10M	9724662	10M6N10M0N10M2B5M	)	0	8	0	GATGTGTGTGCTTTCCCTCACAGAGACTTTCTTTTATTTGTGAGCTTGCCTATGGTGAAATAGGAGAATC	58694763.66664685:;;6/::%47:98:.)1*.43455313.:9::::;;:8#889856456;::38
84	chr21	GS10364-FS3	L04	5	253354	2	R	+	-14	10M6N10M0N10M2B5M	9724402	10M6N10M0N10M2B5M	9724135	5M2B10M0N10M6N10M	4	19	0	19	CTGCACAAAGGGATATTTTTGAGACAGCTTATAGTCGAGATGTGTCTCTCACAGAGTTAAAACTTTTTCT	8889977665677477;:;;:76::88:::9691/0348%3112,&68/9;:;%-888887457779997
84	chr21	GS10364-FS3	L04	5	421973	2	R	+	-11	10M6N10M0N10M2B5M	9724405	10M6N10M0N10M2B5M	9724135	5M2B10M0N10M6N10M	@	31	0	31	CTGCACAAAGGGATATTTTTGAGACAGCTTATAGTGATGTGTGCTTCACAGAGTTAAAACTCTCTCTTTT	580692696760475+:;;;:*;9:999679:8/-588667.4..15)96;;;:8887976457397%-.
85	chr21	GS10364-FS3	L04	5	145222	1	R	+	-3	10M6N10M0N10M2B5M	9724463	10M6N10M0N10M2B5M	9724060	5M2B10M0N10M6N10M	Z	33	57		GTGATATGTCTCCATTCATCTGACAAAGGTTTCTTACTCTTTCTGCTGTAAATGGATATTAGGAGAGTGC	47880*48576777,8:8:::64:2::::988:0/4888760413::99:;;::8768&.(375539969
85	chr21	GS10364-FS3	L04	5	388947	1	R	+	-12	10M6N10M0N10M2B5M	9724454	10M6N10M0N10M2B5M	9724151	5M2B10M0N10M5N10M	<	0	27		TTGAGAGACATTTGAAGCCTATAGTAGTAAATATCTTTGGAAACACTGTGACATCTGTAAATGGAGATAT	6649860665666.59:8<::35;,9999976://31787856409::87;;::8(8288168649:898
85	chr21	GS10364-FS3	L04	5	398982	1	L	-	-20	10M6N10M0N10M2B5M	9724446	10M6N10M0N10M2B5M	9724120	5M2B10M0N10M5N10M	2	0	17		TTACACAGATGTCACAGAAAGAGTGAACTGCTCCAGTCTCAAAAACTTTGCAGATTCTACAAAAAAATAT	08687740.667756*:;:;:7:9:98:9:9:9%/6894#4212-9:873;7;97688888562682)8+
86	chr21	GS10364-FS3	L04	5	268461	1	L	-	-30	10M5N10M0N10M2B5M	9724476	10M5N10M0N10M2B5M	9724141	5M2B10M0N10M6N10M	-	0	12		ATTGGGGCCTCAAAGCACTCCTAATTTTACAGATGTATTTCACTATCAAATGTCTCAAAAATATCTCCCT	678991677762766829;;:3::$999899:91027773525,'8:6:::;;:88888976736::9:9
89	chr21	GS10364-FS3	L04	5	200245	0	L	-	-26	10M7N10M0N10M2B5M	9724615	10M7N10M0N10M2B5M	9724273	5M2B10M0N10M5N10M	/	14	0	14	TGCAGCGATTCTACAAAAAGACTGTCTGCTCAATGCCAGTTTCTACAACCATTTCCATACTGCTCCCAAT	78861$47356(6768;<;<9:9:738/898::1/38766#%3(287::9;65:78887847737&;9:8
89	chr21	GS10364-FS3	L04	5	251201	0	R	-	-8	5M2B10M0N10M6N10M	9724633	5M2B10M0N10M6N10M	9724983	10M6N10M0N10M2B5M	6	21	0	16	CAATATAGCGCTCAAAATATCCATTTTCTAGACAAGCTCACAAATTTGCAGATTCTACAAAAAGAGACTG	8885967858656668;:90::7;0&)::89881/4778782322:::::;;::8,899964665;::99
89	chr21	GS10364-FS3	L04	5	273531	0	L	-	-35	10M6N10M0N10M2B5M	9724606	10M6N10M0N10M2B5M	9724121	5M2B10M0N10M5N10M	)	8	0	8	ACAAAAAAAGACTGTATCCAAACTGAAAAAGAAAGTGTCTCAAAACTTTTGCAGATTCTACAAAAAAATA	7889977877663.696;96;::;:899:9:::1.5#878*03..:92969:7:8%/7876466/;99,9
89	chr21	GS10364-FS3	L04	5	406813	0	L	-	-32	10M6N10M0N10M2B5M	9724609	10M6N10M0N10M2B5M	9724326	5M2B10M0N10M6N10M	3	18	0	18	TCTACACAAAAAGACTGTATCCAAAAATAAAAAGATGATGATATTCTCACCATAGGCCTCAAAGGGGGCT	4839976866776569:;<(6;:81:9899:;:1/039#86)*1/935::;;;:88888642062-:878
89	chr21	GS10364-FS3	L04	5	200245	2	L	-	-26	10M7N10M0N10M2B5M	9724615	10M7N10M0N10M2B4M1D1M	9724273	5M2B10M0N10M5N10M	/	14	0	14	TGCAGCGATTCTACAAAAAGACTGTCTGCTCAATGCCAGTTTCTACAACCATTTCCATACTGCTCCCAAT	78861$47356(6768;<;<9:9:738/898::1/38766#%3(287::9;65:78887847737&;9:8
89	chr21	GS10364-FS3	L04	5	273531	2	L	-	-35	10M6N10M0N10M2B5M	9724606	10M6N10M0N10M2B5M	9724121	5M2B10M0N10M5N10M	)	8	0	8	ACAAAAAAAGACTGTATCCAAACTGAAAAAGAAAGTGTCTCAAAACTTTTGCAGATTCTACAAAAAAATA	7889977877663.696;96;::;:899:9:::1.5#878*03..:92969:7:8%/7876466/;99,9
89	chr21	GS10364-FS3	L04	5	406813	2	L	-	-32	10M6N10M0N10M2B5M	9724609	10M6N10M0N10M2B5M	9724326	5M2B10M0N10M6N10M	3	18	0	18	TCTACACAAAAAGACTGTATCCAAAAATAAAAAGATGATGATATTCTCACCATAGGCCTCAAAGGGGGCT	4839976866776569:;<(6;:81:9899:;:1/039#86)*1/935::;;;:88888642062-:878
90	chr21	GS10364-FS3	L04	5	399378	1	R	+	-25	10M6N10M0N10M2B5M	9724662	10M6N10M0N10M2B5M	9724405	5M2B10M1N10M5N10M	'	0	6	0	GATGTGTGTGCTTTCCCTCACAGAGACTTTCTTTTATTTGTGAGCTTGCCTATGGTGAAATAGGAGAATC	58694763.66664685:;;6/::%47:98:.)1*.43455313.:9::::;;:8#889856456;::38
95	chr21	GS10364-FS3	L04	5	251201	1	L	-	34	10M6N10M0N10M2B5M	9724983	10M6N10M0N10M2B5M	9724633	5M2B10M0N10M6N10M	:	21	25		CAATATAGCGCTCAAAATATCCATTTTCTAGACAAGCTCACAAATTTGCAGATTCTACAAAAAGAGACTG	8885967858656668;:90::7;0&)::89881/4778782322:::::;;::8,899964665;::99
96	chr21	GS10364-FS3	L04	5	251201	0	L	-	-24	10M6N10M0N10M2B5M	9724983	10M6N10M0N10M2B5M	9724633	5M2B10M0N10M6N10M	6	21	0		CAATATAGCGCTCAAAATATCCATTTTCTAGACAAGCTCACAAATTTGCAGATTCTACAAAAAGAGACTG	8885967858656668;:90::7;0&)::89881/4778782322:::::;;::8,899964665;::99
96	chr21	GS10364-FS3	L04	5	332628	0	R	-	7	5M2B10M0N10M4N10M	9725014	5M2B10M0N10M4N10M	9725443	10M6N10M0N10M2B5M	Q	48	0		AATCACAATCAAAACAAATTTTTACGAGATGAAAGGAGGATATTGTTTCACCATGGGCCTCAATATAGCG	788998-7#5677568:92;:898,9:989:991078886223,0:999::;::88888467444997:9
96	chr21	GS10364-FS3	L04	5	306989	1	R	+	-29	10M6N10M0N10M2B5M	9724978	10M6N10M0N10M2B5M	9724679	5M2B10M0N10M7N10M	+	0	10		TGCCTCTATGGTGAAATAGGAATCTATATAAACTAACTCTTTTTCCTGCAAATGGATATTTGGAGAGAGC	687888610-526759:8;;:::;88899:9::1/2868800.2299:99:;;:8868)6+4.6469796
97	chr21	GS10364-FS3	L04	5	452712	1	L	-	-20	10M5N10M0N10M2B5M	9725054	10M5N10M0N10M2B5M	9724766	5M2B10M0N10M5N10M	5	0	20	0	GCAAGAGGGAGTTTCTCAGAAAGCTTTAGTTTTTGCTCAAAACTGTCCAAAGAAAGTTTCAACTATATGT	78779678'76%7768;;;8::;:753298+.3*##'/,47.4212::;::2;:87888814765*739.
