#ASSEMBLY_ID	GS000017372-ASM
#CHROMOSOME	chr21
#FORMAT_VERSION	2.4
#GENERATED_AT	2012-Dec-31 10:15:02.023950
#GENERATED_BY	ExportEvidence
#SAMPLE	GS01962-DNA_C08
#SOFTWARE_VERSION	2.4.0.20
#TYPE	EVIDENCE-DNBS

>IntervalId	Chromosome	Slide	Lane	FileNumInLane	DnbOffsetInLaneFile	AlleleIndex	Side	Strand	OffsetInAllele	AlleleAlignment	OffsetInReference	ReferenceAlignment	MateOffsetInReference	MateReferenceAlignment	MappingQuality	ScoreAllele0	ScoreAllele1	ScoreAllele2	ScoreAllele3	Sequence	Scores
0	chr21	GS57961-FS3	L03	7	21640492	0	R	-	11	10M1B10M3B10M	9411204	10M1B10M3B10M	9411546	10M1B10M3B10M	$	3	0			CCAGGGCTTGTTGATAAAGNGGCCGGTAGAAGCCAGAAGAAGAAAACTANCAATTTCTTT	566665666516;9;;;;:!;:;<<<<<<5566677677714,5;;7;<!<;<8<<;;;9|offset=21640492
0	chr21	GS57961-FS3	L04	4	8272581	0	R	-	11	10M1B10M3B10M	9411204	10M1B10M3B10M	9411591	10M1B10M3B10M	$	3	0			TAGGCCTGCAGCATAGACANACAATTGGAAAGCCAGAAGAAGAAAACTANCAATTTCTTT	5555554554):::8(:;:!;<<<<<<<;44566755666/-.:8:829!<<<;;9;::8|offset=8272581
0	chr21	GS57961-FS3	L04	11	8344497	0	R	-	6	10M1B10M3B10M	9411199	10M1B10M3B10M	9411594	10M1B10M4B10M	$	3	0			GGTAGGCCTGCCTGCATAGNACAACAATTGGAAGAAAACTACTACAATTNTCTTTGGAGG	55565566654:;:;:;;;!;<<;<<<;<566777888987:;9<++<;!<<<<<<<;;:|offset=8344497
1	chr21	GS57486-FS3	L05	3	19622274	0	R	-	-16	10M1B10M5B10M	9411207	10M1B10M5B10M	9411761	10M1B10M4B10M	5	20	0	1		ACGGCTTCTGTCTGATAGCNAATCAAAGCAAAGCCAGAAGAGAAGAAAANCTACAATTTC	55555445238:68;;;;;!;<<<<<<;<44555556656994;;:<<<!<=<=<<<<<:|offset=19622274
1	chr21	GS57961-FS3	L03	7	21640492	0	R	-	-19	10M1B10M3B10M	9411204	10M1B10M3B10M	9411546	10M1B10M3B10M	$	3	0	0		CCAGGGCTTGTTGATAAAGNGGCCGGTAGAAGCCAGAAGAAGAAAACTANCAATTTCTTT	566665666516;9;;;;:!;:;<<<<<<5566677677714,5;;7;<!<;<8<<;;;9|offset=21640492
1	chr21	GS57961-FS3	L04	4	8272581	0	R	-	-19	10M1B10M3B10M	9411204	10M1B10M3B10M	9411591	10M1B10M3B10M	$	3	0	0		TAGGCCTGCAGCATAGACANACAATTGGAAAGCCAGAAGAAGAAAACTANCAATTTCTTT	5555554554):::8(:;:!;<<<<<<<;44566755666/-.:8:829!<<<;;9;::8|offset=8272581
2	chr21	GS57486-FS3	L05	5	16631850	0	L	+	31	10M2B10M1B10M	9411329	10M2B10M1B10M	9412015	10M5B10M1B10M	>	29	29	5		GGGATTAGCTCTTTTTAGGNGGTCCCAATGCAACATCTTTTCTTTTTCTNTCATTAATAA	55555555559:;;;;;;;!;8<;<<<<<54455555555)8:;:7<9;!<<<<<<<<;:|offset=16631850
2	chr21	GS57961-FS3	L01	7	8997355	0	R	-	21	10M1B10M5B10M	9411319	10M1B10M5B10M	9411773	10M1B10M3B10M	;	26	4	1		AAGTAGCTATTATTTAACGNGCTTCTGATAAAAAAGCTAACCTAATCCCNTAGCTGAAAA	55664555557:;::;;;8!;;;<<<<<<45677768666*:;;;1;;<!9<3;<<<;;:|offset=8997355
2	chr21	GS57961-FS3	L01	9	1568224	0	L	+	-19	10M3B10M1B10M	9411279	10M3B10M1B10M	9411771	10M4B10M1B10M	6	21	21	0		ATTTCAGTCTTCTTTGTGGNCAGCTGGTGAGCTATCAGAAAGAAGCCGANTAAATAGCTA	556665555589:::;8;4!;;9<<<<<<45666165667887;2$'%*!*<<;<;<;;:|offset=1568224
2	chr21	GS57961-FS3	L01	9	9376088	0	R	-	-16	10M1B10M5B10M	9411282	10M1B10M5B10M	9411761	10M1B10M3B10M	1	16	16	0		AAAGGCTTCTTCTGATAGCNAATCAAAGCATTCACCAGCTCAGCTGCCANCAAAGACTGA	55566555524:9-;;;;;!;<<<;<;;<456566666669::3;;<<;!<===<<<;;:|offset=9376088
2	chr21	GS57961-FS3	L01	11	7868276	0	R	-	-21	10M1B10M4B10M	9411277	10M1B10M4B10M	9411704	10M1B10M4B10M	:	25	25	4		AAGAGAAACAAACACATTGNAAGTGATTTCCCAGCTGCCAGCCACTAAGNACTGAAATCT	5555565666438;;;:;5!;;;<<&-;:4667888899823::;#&;;!<<157:;:;:|offset=7868276
2	chr21	GS57961-FS3	L01	12	11758126	0	L	+	28	10M3B10M1B10M	9411326	10M3B10M1B10M	9411762	10M4B10M1B10M	I	40	15	14		CTAGGGATTATTAGCTTTTNTAGGGGTCCCGCTTTGATTGATTGCTATCNAGAAGCCGTT	555555555(9:):;;;;8!<;<<<<<<<55567,64676)79;<+9<<!<<89;<<;;:|offset=11758126
2	chr21	GS57961-FS3	L01	13	1985457	0	R	-	-7	10M1B10M3B10M	9411291	10M1B10M3B10M	9411706	10M1B10M3B10M	*	9	9	0		AAGAAGAGAAGAAACCCATNTGAAGTGATTCAAACTAGAAGAAATTCACNCAGCTGCCAC	6666446)1/-987+':6.!,/)*)+.1+46675454*60$-%.')2&0!5'';<35;9:|offset=1985457
2	chr21	GS57961-FS3	L01	15	7358642	0	R	-	28	10M1B10M4B10M	9411326	10M1B10M4B10M	9411615	10M1B10M5B10M	/	14	0	0		CTCAGAGATGAGATGTTAGNAAATCTGGTAGGACCCCTAACTAAAATCCNTAATCCCTAG	55565555559:9/86;;:!;;;;<<<<<45566677676,%-:;7%%:!2<;<<<;;;:|offset=7358642
2	chr21	GS57961-FS3	L02	3	18516889	0	R	-	2	10M1B10M5B10M	9411300	10M1B10M5B10M	9411647	10M1B10M3B10M	:	25	26	1		TTTGCTGAGCAGCAGATAGNCTAAGAAGAAGAAAAGGCAAGGCAAACTANGAAATTCACC	55555556656:;;;;;;;!;<<<<<<<<56789899:98:59;<<:<<!;===<<<;;:|offset=18516889
2	chr21	GS57486-FS3	L05	5	16631850	1	L	+	31	10M2B10M1B10M	9411329	10M2B10M1B10M	9412015	10M5B10M1B10M	>	29	29	5		GGGATTAGCTCTTTTTAGGNGGTCCCAATGCAACATCTTTTCTTTTTCTNTCATTAATAA	55555555559:;;;;;;;!;8<;<<<<<54455555555)8:;:7<9;!<<<<<<<<;:|offset=16631850
2	chr21	GS57961-FS3	L01	9	1568224	1	L	+	-19	10M3B10M1B10M	9411279	10M3B10M1B10M	9411771	10M4B10M1B10M	6	21	21	0		ATTTCAGTCTTCTTTGTGGNCAGCTGGTGAGCTATCAGAAAGAAGCCGANTAAATAGCTA	556665555589:::;8;4!;;9<<<<<<45666165667887;2$'%*!*<<;<;<;;:|offset=1568224
2	chr21	GS57961-FS3	L01	9	9376088	1	R	-	-16	10M1B10M5B10M	9411282	10M1B10M5B10M	9411761	10M1B10M3B10M	1	16	16	0		AAAGGCTTCTTCTGATAGCNAATCAAAGCATTCACCAGCTCAGCTGCCANCAAAGACTGA	55566555524:9-;;;;;!;<<<;<;;<456566666669::3;;<<;!<===<<<;;:|offset=9376088
2	chr21	GS57961-FS3	L01	11	7868276	1	R	-	-21	10M1B10M4B10M	9411277	10M1B10M4B10M	9411704	10M1B10M4B10M	:	25	25	4		AAGAGAAACAAACACATTGNAAGTGATTTCCCAGCTGCCAGCCACTAAGNACTGAAATCT	5555565666438;;;:;5!;;;<<&-;:4667888899823::;#&;;!<<157:;:;:|offset=7868276
2	chr21	GS57961-FS3	L01	13	1985457	1	R	-	-7	10M1B10M3B10M	9411291	10M1B10M3B10M	9411706	10M1B10M3B10M	*	9	9	0		AAGAAGAGAAGAAACCCATNTGAAGTGATTCAAACTAGAAGAAATTCACNCAGCTGCCAC	6666446)1/-987+':6.!,/)*)+.1+46675454*60$-%.')2&0!5'';<35;9:|offset=1985457
2	chr21	GS57961-FS3	L02	3	18516889	1	R	-	2	10M1B10M5B10M	9411300	10M1B10M5B10M	9411647	10M1B10M3B10M	;	25	26	1		TTTGCTGAGCAGCAGATAGNCTAAGAAGAAGAAAAGGCAAGGCAAACTANGAAATTCACC	55555556656:;;;;;;;!;<<<<<<<<56789899:98:59;<<:<<!;===<<<;;:|offset=18516889
6	chr21	GS57961-FS3	L03	7	21640492	0	L	-	22	10M1B10M3B10M	9411546	10M1B10M3B10M	9411204	10M1B10M3B10M	$	3	0	0		CCAGGGCTTGTTGATAAAGNGGCCGGTAGAAGCCAGAAGAAGAAAACTANCAATTTCTTT	566665666516;9;;;;:!;:;<<<<<<5566677677714,5;;7;<!<;<8<<;;;9|offset=21640492
7	chr21	GS57486-FS3	L05	1	22242630	0	R	-	17	10M1B10M3B10M	9411615	10M1B10M3B10M	9412186	10M1B10M4B10M	I	40	14	40		CAAATATTAATTAAAATTGNGAAGGCAATGAGCTCAGAGAAGATGTTAGNAAATCTGGTA	5555545555::;;;;;;;!;<<<<<<<<5455555655567;255<.0!<==<<<<<<:|offset=22242630
7	chr21	GS57961-FS3	L01	15	7358642	0	L	-	17	10M1B10M5B10M	9411615	10M1B10M5B10M	9411326	10M1B10M4B10M	/	14	0	14		CTCAGAGATGAGATGTTAGNAAATCTGGTAGGACCCCTAACTAAAATCCNTAATCCCTAG	55565555559:9/86;;:!;;;;<<<<<45566677676,%-:;7%%:!2<;<<<;;;:|offset=7358642
7	chr21	GS57961-FS3	L04	4	8272581	0	L	-	-7	10M1B10M3B10M	9411591	10M1B10M3B10M	9411204	10M1B10M3B10M	$	3	0	3		TAGGCCTGCAGCATAGACANACAATTGGAAAGCCAGAAGAAGAAAACTANCAATTTCTTT	5555554554):::8(:;:!;<<<<<<<;44566755666/-.:8:829!<<<;;9;::8|offset=8272581
7	chr21	GS57961-FS3	L04	11	8344497	0	L	-	-4	10M1B10M4B10M	9411594	10M1B10M4B10M	9411199	10M1B10M3B10M	$	3	0	3		GGTAGGCCTGCCTGCATAGNACAACAATTGGAAGAAAACTACTACAATTNTCTTTGGAGG	55565566654:;:;:;;;!;<<;<<<;<566777888987:;9<++<;!<<<<<<<;;:|offset=8344497
7	chr21	GS57486-FS3	L05	1	22242630	2	R	-	17	10M1B10M3B10M	9411615	10M1B10M3B10M	9412186	10M1B10M4B10M	I	40	14	40		CAAATATTAATTAAAATTGNGAAGGCAATGAGCTCAGAGAAGATGTTAGNAAATCTGGTA	5555545555::;;;;;;;!;<<<<<<<<5455555655567;255<.0!<==<<<<<<:|offset=22242630
7	chr21	GS57961-FS3	L01	15	7358642	2	L	-	17	10M1B10M5B10M	9411615	10M1B10M5B10M	9411326	10M1B10M4B10M	/	14	0	14		CTCAGAGATGAGATGTTAGNAAATCTGGTAGGACCCCTAACTAAAATCCNTAATCCCTAG	55565555559:9/86;;:!;;;;<<<<<45566677676,%-:;7%%:!2<;<<<;;;:|offset=7358642
7	chr21	GS57961-FS3	L04	4	8272581	2	L	-	-7	10M1B10M3B10M	9411591	10M1B10M3B10M	9411204	10M1B10M3B10M	$	3	0	3		TAGGCCTGCAGCATAGACANACAATTGGAAAGCCAGAAGAAGAAAACTANCAATTTCTTT	5555554554):::8(:;:!;<<<<<<<;44566755666/-.:8:829!<<<;;9;::8|offset=8272581
7	chr21	GS57961-FS3	L04	11	8344497	2	L	-	-4	10M1B10M4B10M	9411594	10M1B10M4B10M	9411199	10M1B10M3B10M	$	3	0	3		GGTAGGCCTGCCTGCATAGNACAACAATTGGAAGAAAACTACTACAATTNTCTTTGGAGG	55565566654:;:;:;;;!;<<;<<<;<566777888987:;9<++<;!<<<<<<<;;:|offset=8344497
8	chr21	GS57961-FS3	L01	13	1985457	0	L	-	19	10M1B10M3B10M	9411706	10M1B10M3B10M	9411291	10M1B10M3B10M	*	9	0			AAGAAGAGAAGAAACCCATNTGAAGTGATTCAAACTAGAAGAAATTCACNCAGCTGCCAC	6666446)1/-987+':6.!,/)*)+.1+46675454*60$-%.')2&0!5'';<35;9:|offset=1985457
9	chr21	GS57486-FS3	L05	3	19622274	0	L	-	2	10M1B10M4B10M	9411761	10M1B10M4B10M	9411207	10M1B10M5B10M	5	20	0	1		ACGGCTTCTGTCTGATAGCNAATCAAAGCAAAGCCAGAAGAGAAGAAAANCTACAATTTC	55555445238:68;;;;;!;<<<<<<;<44555556656994;;:<<<!<=<=<<<<<:|offset=19622274
9	chr21	GS57961-FS3	L01	7	8997355	0	L	-	14	10M1B10M3B10M	9411773	10M1B10M3B10M	9411319	10M1B10M5B10M	;	26	1	1		AAGTAGCTATTATTTAACGNGCTTCTGATAAAAAAGCTAACCTAATCCCNTAGCTGAAAA	55664555557:;::;;;8!;;;<<<<<<45677768666*:;;;1;;<!9<3;<<<;;:|offset=8997355
9	chr21	GS57961-FS3	L01	9	1568224	0	R	+	12	10M4B10M1B10M	9411771	10M4B10M1B10M	9411279	10M3B10M1B10M	6	21	14	14		ATTTCAGTCTTCTTTGTGGNCAGCTGGTGAGCTATCAGAAAGAAGCCGANTAAATAGCTA	556665555589:::;8;4!;;9<<<<<<45666165667887;2$'%*!*<<;<;<;;:|offset=1568224
9	chr21	GS57961-FS3	L01	12	11758126	0	R	+	3	10M4B10M1B10M	9411762	10M4B10M1B10M	9411326	10M3B10M1B10M	I	40	0	9		CTAGGGATTATTAGCTTTTNTAGGGGTCCCGCTTTGATTGATTGCTATCNAGAAGCCGTT	555555555(9:):;;;;8!<;<<<<<<<55567,64676)79;<+9<<!<<89;<<;;:|offset=11758126
9	chr21	GS57961-FS3	L01	9	9376088	2	L	-	2	10M1B10M3B10M	9411761	10M1B10M3B10M	9411282	10M1B10M5B10M	J	16	10	41		AAAGGCTTCTTCTGATAGCNAATCAAAGCATTCACCAGCTCAGCTGCCANCAAAGACTGA	55566555524:9-;;;;;!;<<<;<;;<456566666669::3;;<<;!<===<<<;;:|offset=9376088
14	chr21	GS57486-FS3	L05	5	16631850	0	R	+	-3	10M5B10M1B10M	9412015	10M5B10M1B10M	9411329	10M2B10M1B10M	>	29	1			GGGATTAGCTCTTTTTAGGNGGTCCCAATGCAACATCTTTTCTTTTTCTNTCATTAATAA	55555555559:;;;;;;;!;8<;<<<<<54455555555)8:;:7<9;!<<<<<<<<;:|offset=16631850
15	chr21	GS57486-FS3	L05	1	22242630	0	L	-	-2	10M1B10M4B10M	9412186	10M1B10M4B10M	9411615	10M1B10M3B10M	I	40	9			CAAATATTAATTAAAATTGNGAAGGCAATGAGCTCAGAGAAGATGTTAGNAAATCTGGTA	5555545555::;;;;;;;!;<<<<<<<<5455555655567;255<.0!<==<<<<<<:|offset=22242630
890	chr21	GS57961-FS3	L05	6	2590518	1	R	+	22	10M4B10M1B10M	9468240	10M4B10M1B10M	9467683	10M3B10M1B10M	*	0	9	0	0	TATTTACTCATCAGTGACANTAAATACAGAAAAGTTTAGGTAGGATATANCATCAAAATC	0*5513055+9;:;6;:3'!;;<<<<<<<4567786827676.;;7;;;!<<<<<<;;;:|offset=2590518
15686	chr21	GS57961-FS3	L06	12	18344497	1	R	-	-9	10M1B10M3B10M	10994467	10M1B10M3B10M	10994906	10M1B10M4B10M	O	20	46			ATCCCCATCCATCCTAATTNTCCGGGCTTGAAGAGGGAAAAAAAAACGANGTGTATTAAA	5456555665*9:::;;;8!;<<<<<<<<556677867789;;;;(94;!8;<9<<;;;:|offset=18344497
15687	chr21	GS57961-FS3	L06	12	18344497	0	L	-	-4	10M1B10M4B10M	10994906	10M1B10M4B10M	10994467	10M1B10M3B10M	5	20	0			ATCCCCATCCATCCTAATTNTCCGGGCTTGAAGAGGGAAAAAAAAACGANGTGTATTAAA	5456555665*9:::;;;8!;<<<<<<<<556677867789;;;;(94;!8;<9<<;;;:|offset=18344497
16215	chr21	GS57961-FS3	L05	6	28272581	3	L	+	22	10M2B10M1B10M	11040653	10M2B10M1B10M	11041053	10M4B10M1B10M	F	6	11	6	37	ATCTTATAACACTCAGTCANAATTAGACAACTGTCTCACACACACAAATNAAGCAAAAAA	555565065579;;:5;;;!;;;<<<<<<44556666666486;;879:!<=7<<<<;;:|offset=28272581
17751	chr21	GS57961-FS3	L05	11	7891987	1	R	+	0	10M5B10M1B10M	11140876	10M5B10M1B10M	11140474	10M3B10M1B10M	A	6	32			TCTGGGCAGCAGCCTGAACNCTGTTCCCAAAAAAACAATTCAATTATGTNGTGTGCGTGT	5555'6666437:;;;;;:!<<<<<<<<<55667868276902;;)<<<!<=<<=8;;;:|offset=7891987
28193	chr21	GS57961-FS3	L02	6	19386035	1	R	-	-22	10M1B10M3B10M	15681756	10M1B10M3B10M	15682244	10M1B10M3B10M	D	13	35	35		AGACTAGGTAGTAACGGTCNATGCCGAGATCAAATGAAATAATGGCTGTNAATTACTTAG	55554555248(:9::::;!0;<<<;<<;445566566564944;61(*!;<<<<<<;;:|offset=19386035
28193	chr21	GS57961-FS3	L02	6	19386035	2	R	-	-22	10M1B10M3B10M	15681756	10M1B10M3B10M	15682244	10M1B10M3B10M	D	13	35	35		AGACTAGGTAGTAACGGTCNATGCCGAGATCAAATGAAATAATGGCTGTNAATTACTTAG	55554555248(:9::::;!0;<<<;<<;445566566564944;61(*!;<<<<<<;;:|offset=19386035
28197	chr21	GS57961-FS3	L01	5	2029756	1	L	-	-3	10M1B10M3B10M	15682714	10M1B10M3B10M	15682241	10M1B10M5B10M	N	14	45			TTTTCAAGATGATCAAATANAAGAGCGACCAGGTAACGGTACGGTCATGNCCGAGATAAA	55555556559:79;;;;;!;<<<<<<<<5677889878799:;;<<:;!;7<<<<<;;:|offset=2029756
28197	chr21	GS57961-FS3	L06	4	5820835	1	R	+	-4	10M3B10M1B10M	15682713	10M3B10M1B10M	15682242	10M2B10M1B10M	I	12	40			TTATCTCGGCGCATGACCGNTTACCTAGTCAGGTCGCTCTTCTTTATTTNGATCTTGAAA	55556555558:9;):;;;!976<9;<;;451566666771:9;;918-!<=<<<<<;<:|offset=5820835
28197	chr21	GS57961-FS3	L06	9	29450784	1	L	-	-8	10M1B10M3B10M	15682709	10M1B10M3B10M	15682243	10M1B10M3B10M	5	0	20			AAGATCAAATAATAAAGAGNCGACCTCCTCGACTAGGTAATAACAGTCANTGCCGAGATA	55555556659:8;;;::2!;;:<<<<<<56777788777494:99<<:!<=<<<<<;;:|offset=29450784
28197	chr21	GS57961-FS3	L07	12	21895010	1	L	-	-13	10M1B10M4B10M	15682704	10M1B10M4B10M	15682244	10M1B10M3B10M	P	22	47			AAATAAAGAGAGAGCGACCNTCCTCTCAGAAGACTAGGTAGTAACGGTCNATGCCGAGAT	555656666598::;:;;;!;<<<<<<<<4565666676686:;;:<<<!4=<<<;<;;:|offset=21895010
31149	chr21	GS57961-FS3	L01	3	26201153	0	L	+	4	10M3B10M1B10M	16929097	10M3B10M1B10M	16929404	10M3B10M1B10M	P	47	16			TAAATGACGACGAGTTAATNGGGTGCAGCAAGATACTATGATGGCAATANAATCATTTTT	55556555559:;;7;;;;!;<<<<<<<<45667587868276:<.<<<!=<<<;<<;;:|offset=26201153
37554	chr21	GS57961-FS3	L06	7	7358642	1	R	-	32	10M1B10M4B10M	19312782	10M1B10M4B10M	19313277	10M1B10M3B10M	O	15	46	46		AATAGTTTACTACTTTAAANATTAAGTATCATAAGATTGCTTGCTTCTTNCTCAGACTTC	5556556655891:;;;;0!;;;<;<<<;566887678469:7;9.<;<!;<<<9<;;::|offset=7358642
37554	chr21	GS57961-FS3	L06	7	7358642	2	R	-	32	10M1B10M4B10M	19312782	10M1B10M4B10M	19313277	10M1B10M3B10M	O	15	46	46		AATAGTTTACTACTTTAAANATTAAGTATCATAAGATTGCTTGCTTCTTNCTCAGACTTC	5556556655891:;;;;0!;;;<;<<<;566887678469:7;9.<;<!;<<<9<;;::|offset=7358642
38925	chr21	GS57961-FS3	L02	14	25271617	1	L	+	-15	10M4B10M1B10M	19854197	10M4B10M1B10M	19854578	10M4B10M1B10M	9	2	24			ATAATCAAAAAAAAACAATNAGACGCAGGATCCAAAAACTAACTTTATANCATTTAAATC	543424-(+/#'+)%):68!:866.56*60)564%6(52)*#-&/146*!:04583-4+)|offset=25271617
38925	chr21	GS57961-FS3	L03	13	22534235	1	L	+	-13	10M3B10M1B10M	19854199	10M3B10M1B10M	19854572	10M4B10M1B10M	F	7	37			AATCAAAAACAACAATAGANCGCAGGAGGAAAATCTTCCATCCAATAACNTTTATACATT	56565656559899::;;6!::;<;;-;<455767676745:7&-%;)5!2;)<8<<;;:|offset=22534235
38925	chr21	GS57961-FS3	L07	13	4295604	1	L	+	-16	10M3B10M1B10M	19854196	10M3B10M1B10M	19854572	10M3B10M1B10M	M	13	44			TATAATCAAAAAAAACAATNAGACGCAGGAAAATCTTCCACCAAAAACTNTTATACATTT	556605665596;44:;;;!:;;;;;;<;445566666669*2:;8%(*!<<;<<<;<<:|offset=4295604
43532	chr21	GS57961-FS3	L02	8	27912191	1	L	-	-19	10M1B10M2B10M	21568224	10M1B10M2B10M	21567843	10M1B10M3B10M	%	0	4			TGCTGTCTTGTGTAGGAATNTCACTACCCATTCTTTTGCTGCTGCTTAANATGAACTGTT	5566'5/'4.28:*06992!;;);<5';;4566775(4*5308545:/0!$=<5<;;<;:|offset=27912191
45281	chr21	GS57961-FS3	L04	7	15638417	0	L	+	23	10M4B10M1B10M	22173942	10M4B10M1B10M	22174269	10M3B10M1B10M	C	34	9			AAGAAGAAGAAAGGATTAANAGTTGGAAAGATGGATAGAAGAAACAAGTNTCATTAACTG	555645456/8:4$::;;0!;;<<;<;<<467786827685)5:;)/5;!4=5<<<;;;:|offset=15638417
52979	chr21	GS57961-FS3	L08	2	11645869	1	R	-	-17	10M1B10M3B10M	25473671	10M1B10M3B10M	25474061	10M1B10M4B10M	D	8	35			TTCTTCTTCCTTCCAGGCANGACAGGTTGAATAAACGGGCGGCTAAATGNCCCCCACTTA	54540+(55494;:::9;6!;,<79;4<;4667868276608:68/551!99<95<;;8:|offset=11645869
58853	chr21	GS57486-FS3	L05	15	27293878	1	L	-	17	10M1B10M4B10M	28272920	10M1B10M4B10M	28272581	10M1B10M4B10M	0	0	15			TGCTTTTGGGTGAATTTGANTGCAAGAGTAGGATTTTGAATGAATGTATNATTACCAATT	55555)32$(6;1::;;;;!<<<<<<<<<4456555555598:$%*.19!8<=<<<<;<:|offset=27293878
60599	chr21	GS57961-FS3	L08	12	25159055	0	L	+	-10	10M3B10M1B10M	28996802	10M3B10M1B10M	28997355	10M7B10M1B10M	@	31	3			TGGATCACAACAAGTTTAGNGAGATGGAGATATGCCAATGGCCAATGGANAAACTAGGAG	55556656559:::9;;;;!<;<<<<<<<4455666666697.;<<<4;!<===<<<<;:|offset=25159055
63606	chr21	GS57961-FS3	L06	14	14142539	1	R	+	1	10M5B10M1B10M	29983631	10M5B10M1B10M	29983166	10M4B10M1B10M	+	0	10			TATCACAATTAATTCGTGANTATATATGCAATGATGAAATGAAATCAAGNGTAGAATTTA	555505555502(+%&$&.!(;<<0<<<<46678(78682767.:(:;;!<::;;<<;:9|offset=14142539
74231	chr21	GS57961-FS3	L05	7	8080272	0	L	+	2	10M3B10M1B10M	35186044	10M3B10M1B10M	35186462	10M6B10M1B10M	O	46	46	21		TCTTTTTTTCTTCCTCTTTNTATTTATTTAGAAGCAAGCCCAAGCCTTGNTTATGTGTGT	55566565519::;98;;6!;:<<<<<<<467888789973550;6<<<!<<*<9;<;;:|offset=8080272
74231	chr21	GS57961-FS3	L05	7	8080272	1	L	+	2	10M3B10M1B10M	35186044	10M3B7M3I1B2I8M	35186462	10M6B10M1B10M	O	46	46	21		TCTTTTTTTCTTCCTCTTTNTATTTATTTAGAAGCAAGCCCAAGCCTTGNTTATGTGTGT	55566565519::;98;;6!;:<<<<<<<467888789973550;6<<<!<<*<9;<;;:|offset=8080272
82170	chr21	GS57486-FS3	L05	5	25222386	1	R	+	5	10M7B10M1B10M	38997702	10M7B10M1B10M	38997355	10M3B10M1B10M	-	6	12			TAAACAAATAATAAAGAACNAAAGCAAGAGCCTCCAGGGTCCAGGTTCANGGACAGGTGT	5555555555::;;;;;;;!<<<<<<<<<545566566659:;;;-;<<!====<<<<<:|offset=25222386
83518	chr21	GS57486-FS3	L05	10	15682241	0	L	+	-19	10M2B10M1B10M	39619405	10M2B10M1B10M	39619891	10M4B10M1B10M	%	4	0			GGATAGATGGGGATAAATGNGATGGTTGGAACTCAGTGAATGAACTGACNAAGTGTTATT	55552555559:;:::;;;!;;<<<<<<<4455635665575;;::::;!8<<:<8;;;:|offset=15682241
88238	chr21	GS57961-FS3	L07	2	8344497	0	R	-	-6	10M1B10M3B10M	41566836	10M1B10M3B10M	41567189	10M1B10M3B10M	@	31	2	31		ATTAATTTTGTTCCATTATNTGATAGAGTCAACAATTAGCAGCTATTGANGGGGGAGAGG	5555&56455)7&$.9:78!;;;4<<;::35570$7666+282199960!;<<<;;;:;:|offset=8344497
88238	chr21	GS57961-FS3	L07	2	8344497	2	R	-	-6	10M1B10M3B10M	41566836	10M1B10M3B10M	41567189	10M1B10M3B10M	@	31	2	31		ATTAATTTTGTTCCATTATNTGATAGAGTCAACAATTAGCAGCTATTGANGGGGGAGAGG	5555&56455)7&$.9:78!;;;4<<;::35570$7666+282199960!;<<<;;;:;:|offset=8344497
