#ASSEMBLY_ID	HCC1187-37-240-ASM-N1
#CHROMOSOME	chr1
#FORMAT_VERSION	2.4
#GENERATED_AT	2012-Dec-21 11:28:01.819320
#GENERATED_BY	ExportEvidence
#SAMPLE	GS00258-DNA_E01
#SOFTWARE_VERSION	2.4.0.18
#TYPE	EVIDENCE-DNBS

>IntervalId	Chromosome	Slide	Lane	FileNumInLane	DnbOffsetInLaneFile	AlleleIndex	Side	Strand	OffsetInAllele	AlleleAlignment	OffsetInReference	ReferenceAlignment	MateOffsetInReference	MateReferenceAlignment	MappingQuality	ScoreAllele0	ScoreAllele1	ScoreAllele2	ScoreAllele3	Sequence	Scores
5719	chr22	GS27871-FS3	L07	1	1416204	1	R	-	-21	5M2B10M0N10M6N10M	16870016	5M2B10M0N10M6N10M	16870445	10M5N10M0N10M2B5M	8	3	23	0		TGGACACCATCTGCGAGCCGAGGACCCTGGAACACTGCTTCCCAGTTGTGGTGAGGTGTGAGCATATGAG	89:;:67777767767;4=<:==;<'78788/70.37557666259;;<<<9<<8788775565319999|offset=1416204
5727	chr22	GS27871-FS3	L07	1	1416204	0	L	-	-29	10M5N10M0N10M2B5M	16870445	10M5N10M0N10M2B5M	16870016	5M2B10M0N10M6N10M	$	3	0			TGGACACCATCTGCGAGCCGAGGACCCTGGAACACTGCTTCCCAGTTGTGGTGAGGTGTGAGCATATGAG	89:;:67777767767;4=<:==;<'78788/70.37557666259;;<<<9<<8788775565319999|offset=1416204
12970	chr22	GS27651-FS3	L03	2	12013424	0	R	+	-28	10M6N10M0N10M2B5M	18325346	10M6N10M0N10M2B5M	18324969	5M1B10M0N10M5N10M	H	39	14			GAGAAAAGGAAGGTGGCCCTGTCTGCAGGTCAGAGACGTGGGCGGCCCTACCGCAGCACCGCTGCGCTCA	8::;:88767777767:==<778.3447777.70/2,5,060(3$8;<:;=<9<97187755464::9:9|offset=12013424
14465	chr22	GS27871-FS3	L02	4	18459723	0	R	+	15	10M1N10M0N10M2B5M	18727549	10M1N10M0N10M2B5M	18727316	5M2B10M0N10M5N10M	3	18	0	16		TTGGTGTTCATGTTTAATGATAGACTTCAAGCTAAGTCAGGAGTTGAGACCAGCCTGGCCAACATCTGGT	8::;:75767677767;===<<<9<778788870.37775666)0<<<<<45=<87787746053':9:8|offset=18459723
14465	chr22	GS27871-FS3	L02	4	18459723	2	R	+	15	10M1N10M0N10M2B5M	18727549	10M1N10M0N10M2B5M	18727316	5M2B10M0N10M5N10M	1	18	0	16		TTGGTGTTCATGTTTAATGATAGACTTCAAGCTAAGTCAGGAGTTGAGACCAGCCTGGCCAACATCTGGT	8::;:75767677767;===<<<9<778788870.37775666)0<<<<<45=<87787746053':9:8|offset=18459723
16742	chr22	GS27871-FS3	L03	11	21321186	1	L	+	-8	5M2B10M0N10M6N10M	18997355	5M2B10M0N10M6N10M	18997691	10M6N10M0N10M2B5M	\	32	59			TGCTTTTTTAAGGCCTTGTGTGATTGGTCCACCTGACCTCACAGCCAGCCACCATGGGTTTGCCTCTGTC	89:6:3572)777777;:,<<,3;;737875870.3771736.'2;;9:;===<878557/035,;99:9|offset=21321186
16742	chr22	GS27871-FS3	L08	6	9548202	1	L	+	-8	5M2B10M0N10M6N10M	18997355	5M2B10M0N10M6N10M	18997694	10M6N10M0N10M2B5M	Q	21	48			TGCTTTTTTAAGGCCTTGTGTGATTGGTCCACCTGTCAAAGCCCTCCACCATGGGTTTGCCTGTCTCCCA	8992977777677767;=<<<=<-<237887770.2*)(7666659<<<:8:=;872887.4152:8::9|offset=9548202
20708	chr22	GS27651-FS3	L01	11	28997355	1	L	-	-12	10M5N10M0N10M2B5M	20470836	10M5N10M0N10M2B5M	20470484	5M2B10M0N10M5N10M	$	0	3			TCTGTGTAACTCATGGACTCAAGAGCCCACCTCAGTCCTCCTTCTCTTTTCCTTCCTTCTCCTTTTTCCA	89:;:77767777777:<=<;<<0:577777870.21)$162443;<<<<=<;<7777)457064::679|offset=28997355
23476	chr22	GS27871-FS3	L07	10	8290409	0	L	-	-29	10M5N10M0N10M2B5M	21416577	10M5N10M0N10M2B5M	21416204	5M2B10M0N10M5N10M	;	26	3			TACAAAATCGAGCGGTTTTTAGCGTTAGAGTCGCATTTAGAATATGTTACGTAGCCATCACCACACAATA	8::;1777+7160767;==<:6<;<771378670/3767765452<;<<;==<<8756.763655;:::9|offset=8290409
25377	chr22	GS27871-FS3	L01	4	2120028	1	R	-	1	5M2B10M0N10M6N10M	21640268	5M2B10M0N10M6N10M	21640492	10M6N10M0N10M2B5M	+	0	10			AGCCCCCTGGCCTGGACATGACTGTGCAGGTATTTTCCCCATGTTGCTTGTGTCGAACTCCTGACACCTC	8:9::767+5767777;=<;<<<55777841870.46877.6141:<<-<<=<<87878756665;:::9|offset=2120028
26209	chr22	GS27651-FS3	L01	11	28997355	1	L	+	-18	5M2B10M0N10M5N10M	21728567	5M2B10M0N10M5N10M	21728919	10M5N10M0N10M2B5M	$	0	3			TCTGTGTAACTCATGGACTCAAGAGCCCACCTCAGTCCTCCTTCTCTTTTCCTTCCTTCTCCTTTTTCCA	89:;:77767777777:<=<;<<0:577777870.21)$162443;<<<<=<;<7777)457064::679|offset=28997355
47094	chr22	GS27651-FS3	L07	4	1201342	0	R	-	6	5M2B10M0N10M6N10M	30281279	5M2B10M0N10M6N10M	30281643	10M5N10M0N10M2B5M	\	61	21			TCAAAAATGATTGCTAACACACCCACCCTCCACTATCTATAAACACCCTGAGAAGTCATAATTAAAATGG	8.-;:78,66777777;==<<:8<<767858670.2747656666-:;<<==<<87778764441;:::9|offset=1201342
47095	chr22	GS27651-FS3	L07	4	1201342	0	R	-	-35	5M2B10M0N10M6N10M	30281279	5M2B10M0N10M6N10M	30281643	10M5N10M0N10M2B5M	\	61	33			TCAAAAATGATTGCTAACACACCCACCCTCCACTATCTATAAACACCCTGAGAAGTCATAATTAAAATGG	8.-;:78,66777777;==<<:8<<767858670.2747656666-:;<<==<<87778764441;:::9|offset=1201342
55174	chr22	GS27871-FS3	L06	4	4290714	1	L	+	-16	5M2B10M0N10M6N10M	34671292	5M2B10M0N10M6N10M	34671665	10M6N10M0N10M2B5M	Z	40	57			TTACACAGACGTGACATAGATAATGTCTGAGTCTATTAACCTATTTCTACCTGGCATTTTTCAGAGAAAA	8-6::767367'7777;<=<<-<98778885870.2657766635<<<<====<977757(1516;01:9|offset=4290714
68755	chr22	GS27651-FS3	L07	3	501571	0	L	-	-14	10M5N10M0N10M2B5M	41201342	10M5N10M0N10M2B5M	41200965	5M2B10M0N10M6N10M	H	40	25			TTCCTCTCTGCTATCTTTTTTTAAGGTCTCACTCACTTTCTTTCTCCTTCTCTTTCTTTCCTCACACCTT	8:9;:77766647777;1=<.%$'%21773/870/2667-55065<;<;:<=<<877787575549::99|offset=501571
68755	chr22	GS27871-FS3	L01	5	9770783	1	R	-	-14	5M2B10M0N10M6N10M	41201342	5M2B10M0N5M1I4M6N10M	41201800	10M5N10M0N10M2B5M	W	49	54			AACACACAAATTTATTTTCTGTAGTTAGATCTGTATTCCTCTGCTTTTTTGAGACGAAGTCTCACACTCA	8997:+7(67*77767;<==;9;<<778883670/37.4756165<::<;=<=<978777563.3:;::9|offset=9770783
73255	chr22	GS27651-FS3	L03	9	16298931	0	L	-	-8	10M6N10M0N10M2B5M	43431900	10M6N10M0N10M2B5M	43431654	5M2B10M0N10M6N10M	3	18	0	0		TTGCACAGTGAGCCGAGATCGCACCCTCCAGCCTGTTTCCTCACCCATTTCCCCTCCACACAGTGTGGTT	8997355767777767<5<<2;=<<767778670.3/7776606,<4<<;==<;977777.43457:9:9|offset=16298931
75829	chr22	GS27651-FS3	L07	10	18550947	1	L	-	0	10M6N10M0N10M2B5M	44671292	10M6N10M0N10M2B5M	44671036	5M2B10M0N10M7N10M	T	24	51			ACAAGAGTCCTCTCTGGTCTGGGCCCCTCCCGAAATGGCAGCTCCCCTCTGCAAACCACTCCCCACACCA	89:;:77&67677767;=1:<,42377.778)70.37616666/(:4</<<=<</77757+453/:6::9|offset=18550947
82051	chr22	GS27871-FS3	L06	8	15170810	1	R	+	3	10M6N10M0N10M2B5M	47269570	10M6N10M0N10M2B5M	47269292	5M2B10M0N10M5N10M	X	25	56			AATTTTTTGGCCAAGATGTGGAACAAATGTTCATACCGCCCTCCACTCACAACATGTGGTATTTGTGGTT	89:9:77777777767;<=<217$0777878800.0777(7566595</<<;<<87787613346::9:8|offset=15170810
87536	chr22	GS27871-FS3	L07	4	8272581	0	R	+	-21	10M6N10M0N10M2B5M	49378097	10M6N10M0N10M2B5M	49377785	5M2B10M0N10M6N10M	6	21	0			AGCCCCCGCAGGTCAGCTGGCAGAGCCTGAGTTGACTCCTTGTTCTTGTCTTTGCCTCCAGGCTGTGAGA	,52:27757775%667;==8<<9<;377788880.-6$(7")#%'<<<=<==<<97874056536::::9|offset=8272581
