#ASSEMBLY_ID	ASMID-ASM
#SOFTWARE_VERSION	1.10.0.12
#GENERATED_BY	cgatools
#GENERATED_AT	2011-Aug-05 15:11:41.482481
#FORMAT_VERSION	1.8
#GENOME_REFERENCE	NCBI build 37
#SAMPLE	SAMPLE-DNA-A01
#TYPE	JUNCTIONS
#DBSNP_BUILD	dbSNP build 131
#GENE_ANNOTATIONS	NCBI build 37.1
#CGATOOLS_VERSION	0.0.0

>Id	LeftChr	LeftPosition	LeftStrand	LeftLength	RightChr	RightPosition	RightStrand	RightLength	StrandConsistent	Interchromosomal	Distance	DiscordantMatePairAlignments	JunctionSequenceResolved	TransitionSequence	TransitionLength	LeftRepeatClassification	RightRepeatClassification	LeftGenes	RightGenes	XRef	DeletedTransposableElement	KnownUnderrepresentedRepeat	FrequencyInBaselineGenomeSet	AssembledSequence
3965	chr12	284543	+	202	chr12	284941	-	173	N	N	398	14	N		188			NM_001170738	NM_001170738				0.00	
458	chr12	1431495	-	148	chr19	59062049	-	106	Y	Y		20	N		271	MIRc:SINE:MIR	Self chain	NM_178039;NM_178040;NR_027946;NR_027948;NR_027949	NM_005762				0.05	
2279	chr12	4742700	+	126	chr12	7351874	+	58	Y	N	2609174	12	N		307		SVA_D:Other:Other	NM_006422	NM_000319;NM_001131023;NM_001131024;NM_001131025;NM_001131026				0.00	
3962	chr12	5250159	+	440	chr12	29594032	-	502	N	N	24343873	143	Y		0				NM_183378				0.00	cctgggctgggcagtggatcccacacgctcCCTCCATTATGGGATATATGGGactttgggaattatctcaaatctttctaag
3963	chr12	12544931	+	388	chr12	12546517	-	269	N	N	1586	34	Y		0	AluSz:SINE:Alu	AluSx:SINE:Alu	NM_058169	NM_058169				1.00	acatttaaaagcaatacagctgggtgcagtGGCTCATGCCTGTAATCTCAGCACTTTGGGAGGCCAAGGTGGGCAGATCGCTTGAGCTCAGGAGTTCAAGACCAGCCTGGCCGACATGGTGAAACCCCGTCACTAAAAAAAAAAAAAAAAAACGCTAAAAATTTAGGCAGGCATGGTGGTGTGCTCCTGTAGTCCCAGCTACTCAGGAGGTTGAGGCACGAGAATCACTTGAACCCAGGAGGCAGAGGTTGCAGTGAGCCAAGATCATGCCACTGCATTCCAGCCTGAGTGACAGAGTGAGACCCTATCTGAAAAAAcaaaaaacaaaaacacttaaaagcagtacc
823	chr12	13164378	-	295	chr12	13164711	-	238	Y	N	333	11	N		169	MIR:SINE:MIR	L1MC4:LINE:L1						0.80	
822	chr12	13949545	-	478	chr12	28013142	-	533	Y	N	14063597	126	Y		0			NM_000834					0.00	agcataaagtctgtttatctcacaaaggttTTTTAAATGAGAGGGACTTTCtatccaggtgtctgttatcccttggtgtct
2268	chr12	17444680	+	342	chr12	17445970	+	282	Y	N	1290	12	N		182					rs67412039 (chr12:17444825-17445937)			0.75	
2265	chr12	19672906	+	331	chr12	20181013	+	347	Y	N	508107	52	N		96			NM_001114176;NM_153207					0.00	
745	chr12	20704357	-	98	chr16	33963781	-	472	Y	Y		68	Y		0	SSU-rRNA_Hsa:rRNA:rRNA	SSU-rRNA_Hsa:rRNA:rRNA;SegDup;Self chain	NM_000921				Y	1.00	aacggccatgcaccaccacccacggaatcgAGAAAGAGCTATCAATCTGTCAATCCTGTCCGTGTCCGGGCCGGGTGAGGTTTCCCGTGTTGAGTCAAATTAAGCCGCAGGCTCCACTCCTGGTGGTGCCCTTCCGTCAATTCCTTtaagtttcagctttgcaaccgtactccccc
427	chr12	20704357	-	97	chrY	10036122	-	375	Y	Y		29	Y		0	SSU-rRNA_Hsa:rRNA:rRNA	SSU-rRNA_Hsa:rRNA:rRNA;SegDup;Self chain	NM_000921				Y	1.00	gaacggccatgcaccaccacccacggaatcGAGAAAGAGCTATCAATCTGTCAATCCTGTCCGTGTCCGGGCCGGGTGAGGTTTCCCGTGTTGAGTCAAATTAAGCCGCAGGCTCCACTCCTGGTGGTGCCCTTCCGTCAATTCCTTTAAGTTTCAGCTTTGCAACCATACTCCCCCCGGAACCCAAAGACTTTGGTTTCCCGGAAGCTGCCCGGCGGGTCATGGGAATAACGCCGCCGCATCGCCGGTCGGCATCGTTTATGGTCggaacaacgacggtatctgatcgtcttcga
1965	chr12	20704505	+	146	chr16	33963925	+	387	Y	Y		10	Y		0	SSU-rRNA_Hsa:rRNA:rRNA;Self chain	SSU-rRNA_Hsa:rRNA:rRNA;SegDup;Self chain	NM_000921				Y	1.00	gattccgtgggtggtggtgcatggccgttcTTAGTTGGTGGAGCGATTTGTCTGGTTAATTCCGATAACGAACGAGACTCTGGCATGCTAACTAGTTACGCGACCCCCGAGCGGTCGGCGTCCCCCAACTTCTTAGAGGGACAAGTGGCGTTCAGCCACCCGAGATTGAGCAATAACAGGTCTGTGATGCCCTTAGATGTCCGGGGCTGCACGCGCGCTACACtgactggctcagcgtgtgcctaccctacgt
1671	chr12	20704505	+	120	chrY	10036279	+	323	Y	Y		26	Y	TCGGCG	6	SSU-rRNA_Hsa:rRNA:rRNA;Self chain	SSU-rRNA_Hsa:rRNA:rRNA;SegDup;Self chain	NM_000921				Y	1.00	ttcttagttggtggagcgatttgtctggttAATTCCGATAACGAACGAGACTCTGGCATGCTAACTAGTTACGCGACCCCCGAGCGGTCGGCGTCCCCCAACTTCTTAGAGGGACAAGTGGCGTTCAGCCACCCGAGATTGAGCAATAACAGGTCTGTGATGCCCTTAGATGTCTGGGGCTGCACGCACGCTACAGTGACTGGCTCAGCGTGTGCCTACCCTACGCCGGCAGGCGCGGGTAACCCGTTGAACCCCATTCGTGATGGGGATCGGGGATTGCAATTATTCCccatgaatgacgaattcccagtaagtgtgg
426	chr12	21419006	-	410	chr12	29636904	+	392	N	N	8217898	58	Y	TCTTATGT	8			NM_021094;NM_134431	NM_183378				0.00	ctttgtgggtcctctcatgcatccccatttTCAGAATGTTCTTATGTAGCTTATTTCCTCTTGTAGTAtagttatttttgtctagctctttctaccag
2263	chr12	23193424	+	415	chr12	23200669	+	402	Y	N	7245	137	Y	AGT	3								0.00	gaactttggggaaaacatatttccaaacaaGAAAGTGTTCCTtttcccttaagcttatcttcaaaggatgca
424	chr12	27453160	-	486	chr12	56820044	+	136	N	N	29366884	28	Y		0			NM_015000	NM_003920				0.00	tgtcaaatttccactgtccctttcctcagtTATTGCCAAGACTAACACTTCATGAAATCATTCCTCATTCTGGAAGAGATACAGTAACTTTTATCCATTTCTACCATATCTAAACAGGAAGATCCATGATTTCTGTTGTACCTTTTTTAAAAATAGTTTTCCACCTAAAATGCTCTTATGCTTTGCTCTGATTAGAAATTTATTGGGCTTATGCATTTATCCAATTAGTTAAGCCTTAAAAATACATCACAGAGCTCTGAGTGCAAAAATAccctttagcaaagtctcgttggtactactg
3960	chr12	29751978	+	481	chr12	57431167	-	465	N	N	27679189	76	Y		0			NM_175861	NM_005379				0.00	aagtcttcctaaagtagcacaggaatttgcTCTTGGGTTCCTACACTGCCCTgagcctggggagcttggtgctgcatggctc
3840	chr12	34368870	+	82	chr17	45249432	-	128	N	Y		12	Y	CTCGGACTCCCCCATCCCCCGGTAACGGCGGCTGGTGCCTTTAAATGAGCCGGGGCTGGCCGGGCCCAGAGCCGCTATGTGGGGGGGGGGTGCCTGTGGCACTGCAGAAAGTGGGCCTGAGCCTCGAGGATGGCGGTGCTGCAGGGACCCGTCCAGGCTGCTACATGGCAAGCACTAAACCACTATGCCTACCGAGATGCGGTTTCCCCCGCAGAAACGCCTTTATGCAGA	231	LTR54B:LTR:ERV1;SegDup;Self chain	L4:LINE:RTE;Self chain		NM_001114091;NM_001256				0.10	cagatctgttttccaaacatgaggtgactcTCGGTTTGCAATGGATCACAAGGCGCCGGGCTTTCCAGAGTCAGCAGGATAAAGAAGTCATTCTGTCTCGGACTCCCCCATCCCCCGGTAACGGCGGCTGGTGCCTTTAAATGAGCCGGGGCTGGCCGGGCCCAGAGCCGCTATGTGGGGGGGGGGTGCCTGTGGCACTGCAGAAAGTGGGCCTGAGCCTCGAGGATGGCGGTGCTGCAGGGACCCGTCCAGGCTGCTACATGGCAAGCACTAAACCACTATGCCTACCGAGATGCGGTTTCCCCCGCAGAAACGCCTTTATGCAGAAGTACACTCAGAAGAAGCCTTGTTTTTACTGGCAACCTGTTATTACCGCTCAGGAAAGGCATATAAAGCATATAGACTCTTGAAAGGACACAGTTgtactacaccgcaatgcaaatacctgcttg
3771	chr12	34368870	+	282	chrY	10029950	-	323	N	Y		13	Y	CTCGGACTCCCCCATCCCCCGGTAACGGCGGCTGGTGCCTTTAAATGAGCCGGGGCTGGCCGGGCCGGAGCCGCTATGGGGGGG	84	LTR54B:LTR:ERV1;SegDup;Self chain	SegDup;Self chain						0.00	ctctcggtttgaaatgaatcacaaggggccGGGCTTTCCAGAGTCAGCAGGATAAAGAAGTCATTCTGTCTCGGACTCCCCCATCCCCCGGTAACGGCGGCTGGTGCCTTTAAATGAGCCGGGGCTGGCCGGGCCGGAGCCGCTATGGGGGGGGGGGTGCCTGTGGCACTGCAGAAAGTGGGCCTGAGCCTCGAGGATGGCGGTGCTGCAGGGACCCGTCCAGGCTGCTATATGGCAAGCACTAAACCACTATGCCTACCGAGATGCGGTTTCCCCCGCAGAACGCCTTTATGCAGAAGTACACTCAGAAGAAGCCTTGTTTTTACTGGCGACCTGTTCTTACCGCCCAGGAAAGGCCTACAAAGCATATAGACTCTTGAAAGGACACAGTTGTCCTACACCGCAATGCAAATACCTGcttgcaaaatgttgtgttgatctcagcaag
3939	chr12	34430694	+	317	chr14	88237821	-	252	N	Y		65	Y	GC	2	Self chain	Self chain						1.00	ttatacagaaatacacagatgcacccaaaaCACAGAAAGCAGTCTTTTAGAAATGGCCTTAGCCCTGGTGTCCGTGCCAGTGATTCTTTTCGGTTTGGACCTTGACTGAGAGGATTCCCAGTCGGTCTCTCGTCTCTGGACGGAAGTTCCAGATGATCCGATGGGTGGGGGACTTAGGCTGCGTCCCCCCAGGAGCCCTGGTCGATtagttgtggggatctcctgggagggcgcgg
421	chr12	37990189	-	47	chr18	18518119	+	50	N	Y		13	N		332	ALR/Alpha:Satellite:centr;Self chain;Tandem period 171	ALR/Alpha:Satellite:centr;Tandem period 171;Tandem period 342;Tandem period 513					Y	0.65	
417	chr12	38317985	-	196	chr12	38318527	+	382	N	N	542	22	Y		0	ALR/Alpha:Satellite:centr;Self chain;Tandem period 172;Tandem period 343;Tandem period 514	ALR/Alpha:Satellite:centr;Self chain;Tandem period 172;Tandem period 343;Tandem period 514					Y	0.75	tgtttgatcatctcacagagttaaatccttCTTTTGATGGGACAGTTTGGAAACACTATTTTTGTAGAATCTGCAAAGATAACTGTTCCAATAAAAGCAGGACTTAACTCTGTGAGATGAATGCACACATCAGATAGCAGTTTCTCATAATGCTTCTTTCCAGTTTTTATCTGAAGATATTTCCTTTTTCACCATAGGCTTTTTTGTGCTATGTaatattgcttcacaggttttgtaaaaacag
3959	chr12	38318359	+	337	chr12	38318525	-	374	N	N	166	12	Y	TT	2	ALR/Alpha:Satellite:centr;Self chain;Tandem period 172;Tandem period 343;Tandem period 514	ALR/Alpha:Satellite:centr;Self chain;Tandem period 172;Tandem period 343;Tandem period 514					Y	0.75	tctccataggaatttttgtgctacctaacaCAGATTATGGAAAAATAGTGTTTCCAAACTTCTCAGTCAAAAGAAAAATTCAACTATGTGAGAAGAATGCAGACATCATGAAGCAGTTTCTCAAAGAGCTTGTTTCTAGTCTTTATCCAAAGATATTTCCTTTTTCACCATAGGCATAATTGTACTCCCTAATATCCCTTTGCAGATCCTACAAAAATAGTTTTTCCAAACTGTTGGAAAGACTGTTTTTGTAGAAACTGTGAAAGGATATTTGGGAGTGCATTGAGTCCTATGGTAGAAAGATAAATATCTTCAGAGAAGAACAAGACAGAAGCTATCTGAGAAAGTGCTTTGTGATGTGGGCATTCTTCTCACAGAGTTaaacgtttctattgattgagcagttcggaa
3839	chr12	38444361	+	317	chr17	45266665	-	148	N	Y		11	Y		0	Self chain	Self chain						0.65	ttcggggcatccgagcaagggatggggtttCTGACAGTGTCTTAAGGGCCAGGATCTGCCAAGGCCTATGTCCCACGGTGGGGTTGATGCAATCCAGGGTAGAGGGAGCCATTGGTCCTCAGTGAGTTCTAGTCCTAGGCCCCACTGTACAGACCAAGTCAGAAGGAACAGTCCTTCATCCTACATGCCACATCCCTCCACTGAAGTTGAGAGCAGACCCGTTTTCCAAACATGAGGTGACTCGTGGTTTGAAATGGATGACAAGGGGCCGGGCTTTCCAGAGTCAGCAGGATAAAGAAGTCATTCTGTCTCGGACTCCCCCATCCCCCGGTAACGGCGGCTGGTGCCTTTAAATGAGCCGGGGCTGGCCGGGCCGGAGCCGCTATGGGGGGGGGGGTGcctgaggcactgcagaaagtgggcctgagc
108	chr12	38448720	-	181	chrY	10019344	+	62	N	Y		34	Y	GGCGTCCTAAGGGTCGATTTAGTGTCATGCCTCTTTCACCACCACCACCGAAGATGACAGCAAGGATCGGCTAAATACCGCGTGTTCTCATCTAGAAGTGGGAACTTACAGATGACAGTTCTTGCATGGGCAGAACGAGGGGGACCGGGGACGCGGAAGCCTGCTTGAGGGAGGAGGGGTGGAAGGAGAGACAGCTTCAGGAAGAAAACAAAACACGAATACTGTCGGACACAGCACTGACTACCCGGG	249	Self chain	L1PREC2:LINE:L1;SegDup;Self chain						0.00	ggaatctagacagacgggccttgctgggctTCCCCACTCGGTGTATGATTTCGGGAGGTCGAGGCCGGGTCCCCGCTTGGATGCGAGGGGCATTTTCAGACTTTTCTCTCGGTCACGTGTGGCGTCCGTACTTCTCCTATTTCCCCGATAAGCTCCTCGACTTCAACATAAACGGCGTCCTAAGGGTCGATTTAGTGTCATGCCTCTTTCACCACCACCACCGAAGATGACAGCAAGGATCGGCTAAATACCGCGTGTTCTCATCTAGAAGTGGGAACTTACAGATGACAGTTCTTGCATGGGCAGAACGAGGGGGACCGGGGACGCGGAAGCCTGCTTGAGGGAGGAGGGGTGGAAGGAGAGACAGCTTCAGGAAGAAAACAAAACACGAATACTGTCGGACACAGCACTGACTACCCGGGtgatgaattcatctgcacactgaacacccc
1949	chr12	38502973	+	57	chr19	28329168	+	56	Y	Y		18	N		327	HERVL40-int:LTR:ERVL;SegDup;Self chain	ERVL-int:LTR:ERVL						1.00	
3938	chr12	38536801	+	292	chr14	88237829	-	260	N	Y		30	Y	CTTCTGGCCTCACGGACTCTGAGCCGAGGAGTCCCCTGGTCTGTCTATCACAGGACCGTACACGTAAGGAGGAGAAAAATCGTAACGTTCAAAGTCAGTCATTTTGTGATACAGAAATACACGGATTCACCCAAAACACAGAAAGCAGTCTTTTAGAAATGGCCTTAGCCCTGGTGTCCGTGCCAGTGATTCTTTTCGGTTTGGACCTTGACTGAGAGGATTCCCAGTCGGTCTCTCGTCTCTGGACGGAAGTTCCAGATGATCCGATGGGTGGGGGACT	280	SegDup;Self chain							1.00	ctggatggaagttccagatgatccgatgggCTTCTGGCCTCACGGACTCTGAGCCGAGGAGTCCCCTGGTCTGTCTATCACAGGACCGTACACGTAAGGAGGAGAAAAATCGTAACGTTCAAAGTCAGTCATTTTGTGATACAGAAATACACGGATTCACCCAAAACACAGAAAGCAGTCTTTTAGAAATGGCCTTAGCCCTGGTGTCCGTGCCAGTGATTCTTTTCGGTTTGGACCTTGACTGAGAGGATTCCCAGTCGGTCTCTCGTCTCTGGACGGAAGTTCCAGATGATCCGATGGGTGGGGGACTTAGGCTGCGTCCCCCCAGGAGCCCTGGTCGATtagttgtggggatctcctgggagggcgcgg
2242	chr12	40820564	+	342	chr12	40914608	+	289	Y	N	94044	13	N		121	Self chain	Self chain						0.00	
2239	chr12	43020190	+	427	chr12	43027457	+	325	Y	N	7267	15	Y	AGAACAGCCTGGCCAACATTGCATTTACTGTGC	33	AluSx:SINE:Alu							0.35	tgggattacagacgtgcaccaccatgtccaGGTAACTTTGTAGTAGAGATGGGGTTTTGGGTTTCACCATGTTGAGAACAGCCTGGCCAACATTGCATTTACTGTGCTATAtgttgttttgcctgcccagcctcttccccc
2237	chr12	45903153	+	374	chr12	45909939	+	357	Y	N	6786	43	Y		0	MSTD-int:LTR:ERVL-MaLR	L1MC4:LINE:L1			rs72102706 (chr12:45903153-45909939)			0.70	tgttctagtgggggttatccatggcagcacCAGCTCTGACTCACATTTCCATTGTGTTATTGTtagagatgctgaatttgatctattggtaag
3957	chr12	47290427	+	318	chr12	47309728	-	343	N	N	19301	16	N		72								0.20	
790	chr12	56989715	-	371	chr15	39994637	-	458	Y	Y		81	Y	AAAAAAAAAAA	11		L1MEd:LINE:L1	NM_002898;NM_013449	NM_152597				0.90	gcttgtcagttgttgaataaaaaaaaccacATTTGATAGAAAAAAAAAAAAAAAAAGTAGTtttaaaagcatggctgagctggcagaaatg
2107	chr12	56989999	+	217	chr15	39994686	+	238	Y	Y		40	N		193		L1MEd:LINE:L1	NM_013449	NM_152597				0.90	
2231	chr12	57185324	+	424	chr12	57187473	+	431	Y	N	2149	35	Y	TTAT	4	HAL1:LINE:L1	MER94:DNA:hAT-Blackjack						0.00	caggattttaaagacattgcttcactttctTATCGTATTTATACAGGGAtaacaaatataaatgagtactgtcctaggt
2230	chr12	57386092	+	408	chr12	57387690	+	369	Y	N	1598	65	Y	AGG	3	AluSx:SINE:Alu	AluSx:SINE:Alu						0.00	aagcctactgtgtagctgggattacaggcaTGCACCACCACGCCTGGAATTTTTGCATTTTTAGTAGAGACAAGGTTTTACCATGTGGGCTAGGCTAGGTGCCTCAGCCTCTCAAAATGCTGGAATTACAggcgtgagccaccatgcccagccattcaat
410	chr12	57651912	-	128	chr12	57795473	+	96	N	N	143561	12	Y	TAAAAGGCAAGAAAAGGAGACAATGTCCAGAAACAGTGTGTATGTGGCAAACAGCCCTGGGCCAGGGCTCAGGAGACCCTCCACCATATAGTAAATCCCCTCTACTACTAACACATAGGAAATCTTGGGAAAGAAACAACATCTTCAGGACTGTTATCTCACCTGTAAAATAAGGAGGTTGTACACAAAATCCATTCTAGTTCAAATTCTATAGATATGATTCCA	225		Charlie1a:DNA:hAT-Charlie	NM_014925					0.00	ccagagggtaatgtttgatgtttatgtgacGTGTGCTCCTCTTTTCCACAGGCCAACACTAAAAGGCAAGAAAAGGAGACAATGTCCAGAAACAGTGTGTATGTGGCAAACAGCCCTGGGCCAGGGCTCAGGAGACCCTCCACCATATAGTAAATCCCCTCTACTACTAACACATAGGAAATCTTGGGAAAGAAACAACATCTTCAGGACTGTTATCTCACCTGTAAAATAAGGAGGTTGTACACAAAATCCATTCTAGTTCAAATTCTATAGATATGATTCCATAAAACTATTCTGCCAGGCACAGTGGCTCATGCCTGTAATCCCAGAATTTTGggaggccaaggtaggtggatcatttggggt
816	chr12	57651912	-	198	chr12	58340776	-	246	Y	N	688864	226	Y		0			NM_014925	NM_033276				0.00	gacgtgtgctcctcttttccacaggccaacACTAAAAGGCAAGaaaaggagacaatgtccagaaacagtgtgt
409	chr12	57664912	-	426	chr12	58302527	+	449	N	N	637615	110	N		42			NM_014925					0.00	
2229	chr12	57786057	+	485	chr12	58076623	+	122	Y	N	290566	57	Y		0	MER1B:DNA:hAT-Charlie	L1MC5:LINE:L1						0.00	agtgagcggctgggcccagtggctcaagccTGTAATCCCAGCACTGTGGGAGGCTGAGGCGGGTGGATTACCTGAGGTCAGGAGTTTGAGACCAGCCTGGCCAACATGGCAAAATCCTGTCTCTACTAAAAATACAAAAAATTAGCCAGGTGTGGTGGTGGGCACCTGTAATCCCAGCAATTTGGGAGGCCAAGGCAGGAGAATCACTTCAACCTGGGAGGTGGAGGTTGCAGTGAGCCGAGATCGTGCAACTCCTATGCTCAAGTGATCCTCCTACCTCAGGCCTCCCAAGTAGCTGAGACTACAGGCTTCATGAACCACCACACCCAGCTAAGGGAAAATCTTAAAAGCAGCCAGAGCAAAAGGACACAAATAACAGCGGTTTCCAACCTTTTTGGCACCGGATtatttatttcattaggactgtaaaaagatg
407	chr12	57795796	-	485	chr12	58340537	+	236	N	N	544741	395	Y	A	1	AluSx1:SINE:Alu			NM_033276				0.00	aggcgcctgtcaccatgtctggctaattttTGTATTTTTAGTAGAGATGGGGTTTCACCATGTTGGCCAGGCTGGTCTCGAACTCCTGACCCCAAATGATCCACCTACCTTGGCCTCCCAAAATTCTGGGATTACAGGCATGAGCCACTGTGCCTGGCAggacaaatgttttatggaatcatatctata
3954	chr12	57821072	+	475	chr12	57821151	-	58	N	N	79	33	Y		0	AluSg:SINE:Alu	AluSx:SINE:Alu						0.00	tttactgaacatcaagtgctgtgctaagtgCTGAGGATACGGAAATTAATAAAACAAAAATGTGGCTGGGCACAGAGGCTCACGCCTACAATCCCAGCACTTTGGGAGGCCGAGGCAGGAGGATCACCAGGTCAGGAGTTCAAGACCAGCCTGACCAACACGGTGAAACACCATCTCTACTAAAAATACAAAAATTAGTTGGACGTGGTGGCGCGTGCCTGTAATCCTAGCTACTCAGGAGGCTGAGGCAGGACAATCACTTGAACCCGGGAGGTGGAGGTTGCAGTGAGCTGACATCGTGCCACTGCACTCCAGCCTGGGCGACAGACAGAGGTTCTGTCTcaaaaaaaaaaaagcttcaggagagcaggc
2228	chr12	57904692	+	353	chr12	58515179	+	375	Y	N	610487	111	Y	CTAAAAAAAAGAAAAAATTGGTTGGGCACGGTGGCTTATGCCTGTAATTCCAACTTCCAGCACTTTGGGAGGCTGAGGCAGGAGGATCGCTGGAAGCCAGGAGTTTGAGAGTAGCCTGGGCAACAAAGCAAGACCCTGTCTGTATTTAAAAAAAGAAAATTTTTTTTTTCTTTTTTGCACTTCCTCAGCTGGCCATGGTGGTTCATGCCTGTAATTCCAGCACTTTGGGAGGCTGAGGCGGGAGAATTGCTTGACCCCAGGAGTTTGAGACCAGGGTGGGCAACTTGGTGAAACCCATCTCTACTAAAAATACAAAAATTAACCAGGTGTGGTGGCACGTGCCTGTAGTGCCAGCTACTCAGGAGGCTGAGGTGGAAGGATCACTTAAGCCTGGGAGGTTGAGGCTGC	408	AluJb:SINE:Alu	MER2:DNA:TcMar-Tigger	NM_004990					0.00	gggtgggcaacttggtgaaacccatctctaCTAAAAAAAAGAAAAAATTGGTTGGGCACGGTGGCTTATGCCTGTAATTCCAACTTCCAGCACTTTGGGAGGCTGAGGCAGGAGGATCGCTGGAAGCCAGGAGTTTGAGAGTAGCCTGGGCAACAAAGCAAGACCCTGTCTGTATTTAAAAAAAGAAAATTTTTTTTTTCTTTTTTGCACTTCCTCAGCTGGCCATGGTGGTTCATGCCTGTAATTCCAGCACTTTGGGAGGCTGAGGCGGGAGAATTGCTTGACCCCAGGAGTTTGAGACCAGGGTGGGCAACTTGGTGAAACCCATCTCTACTAAAAATACAAAAATTAACCAGGTGTGGTGGCACGTGCCTGTAGTGCCAGCTACTCAGGAGGCTGAGGTGGAAGGATCACTTAAGCCTGGGAGGTTGAGGCTGCAGCTggcgggattgggtccaggaccccatggata
791	chr12	58220563	-	321	chr15	38751166	-	126	Y	Y		17	Y		0	Self chain	Self chain	NM_005730	NM_001042429;NM_173611				0.85	gaggtgacagaggaagatcaaggaaggatcTGTGTGGTCATTGACCTCGATGAAACCCTTGTGCATAGCTCCTTTAAGGTAACTCAATGTCTGGAACCCTTCCTACCTTTATCTTGGGCCTTCTTGTGAATCTGGCAACAGATGTGTAAGGCAGCCTAAAGGTGAGGAAAGAAGAGTGATTAGAAGGGAAAAGGCCAGGCCTCTGGCATTTTGGCCACCCTGTGTCACAGGTATCTAGAGGCCCCACTGAAGAATGTTGAGTAGGAACCCTGTGTGTTCCACCAGGGCTGCTAAGTCAGGAACCTCAGCCGCCTGgggaggaacctgaggaaaaccctcatcctg
3953	chr12	58340549	+	152	chr12	58342805	-	200	N	N	2256	28	Y	ATTCTGCCATCAACGAATGGAATCCTCATCGAATGGAATCGAATGGAATCATCATGAAATGAAATCAAATGGAATCATCGTATGGACTCCAACGGAATCATCATCAACTGGAATTGAATAGAAGCATCGAATGAAATCAAAAGGAATTATCATCGAACGGACCCATATGGAATCATCATTGAATTGACTCATATGGAATCATCACCGAATGGATTCCAATGGAATAATCATGGAATGGATTCGAATACC	249		L1ME3D:LINE:L1	NM_033276	NM_033276				0.00	tgagccaccgcgcctgggggacaaatgtttATTCTGCCATCAACGAATGGAATCCTCATCGAATGGAATCGAATGGAATCATCATGAAATGAAATCAAATGGAATCATCGTATGGACTCCAACGGAATCATCATCAACTGGAATTGAATAGAAGCATCGAATGAAATCAAAAGGAATTATCATCGAACGGACCCATATGGAATCATCATTGAATTGACTCATATGGAATCATCACCGAATGGATTCCAATGGAATAATCATGGAATGGATTCGAATACCCAGGGAAacgaaataaaccagagaggtacacacaaca
3837	chr12	58342644	+	203	chr16	46428552	-	172	N	Y		15	N		200	L1ME3D:LINE:L1	HSATII:Satellite:Satellite;Tandem period 26;Tandem period 49	NM_033276				Y	0.00	
46	chr12	58928756	-	169	chrY	28817065	+	251	N	Y		10	N		258								0.00	
813	chr12	59424100	-	526	chr12	59689116	-	377	Y	N	265016	19	Y		0		L2a:LINE:L2						0.00	gagcgagcaattgcttcaactgtttagtggAGGTCAGAGCATATAAAATCTAAACTGGCATGTGAGCAGTGTGTATATTGTGGTCCAATCATGCCATTTTTAATGTAGaatgaggcctttgttgataactcattctta
3836	chr12	59525519	+	358	chr16	46424312	-	372	N	Y		24	N		72		HSATII:Satellite:Satellite;Tandem period 10;Tandem period 141;Tandem period 26;Tandem period 49;Tandem period 69;Tandem period 95					Y	0.00	
2218	chr12	70872266	+	391	chr12	70878217	+	331	Y	N	5951	15	Y	C	1	L1P4:LINE:L1	LTR49-int:LTR:ERV1			rs72239659 (chr12:70872267-70878217)			0.25	attacatagtctgaagagagagagtttgacTTCCTCTCTTCCTCTTTGCATGCCTTTTAGTTCTTTCTCTTGCCTGTTTGCTTTGCCTAGGACTTCCAGCACCCATTTGGGTGCTCCAGGTGACTAGAGACTTTGCAGAGGTGTCAGGACATTTCCCAGgatgtgaagtggcctcataagtcattcctc
404	chr12	71709260	-	286	chr12	71710321	+	392	N	N	1061	57	Y		0								0.18	ggctctactgagtggatttctgcctgccacCTCATTGCTCTATTTGCAGCCTCATCCCAACCCCAGGCAGCAGTTAAAGAGAGAACAGGAGTAAAAATTAACAGGAAATATAAATAagaagaaaaatggtgactggttgaagaatt
809	chr12	88419616	-	385	chr12	88429289	-	412	Y	N	9673	45	Y		0			NM_152589	NM_001009894				0.00	gtgtaaaccagtgaatggtaagaaccttgcTGAAGAAGGTTGGGCCAACTACCAAGCCCAGCGAGGGGCGGGAACGCCCGTCCAGaagcggcttcctggccgcggcgccttctgg
2203	chr12	107336101	+	447	chr12	107336886	+	192	Y	N	785	28	Y	ATCAT	5	MER4B-int:LTR:ERV1	MER4B-int:LTR:ERV1						0.00	gcatgtccagttaacatttctcaaaggacaGATTTACATGCCTTCAGTTTTGCAGTACTAGATAGGGGAAACATCCCCTAGTCAGACACAATACCCATTTTCATAAGACACTTAGGTAAAGGACTCAGAACTACCTTACATAAGGTAGTTGTTTAAACATCTCAAATTTCATAATCCTGTCAACCTTTACATTTTTATGTTCTGATCCCAGGAACTTCTCTACCCATCATATATACTCATCAGtgagtgtttaatagtgggctgtgagtcctg
401	chr12	110616718	-	133	chr12	110617829	+	141	N	N	1111	19	N		262	AluSx3:SINE:Alu	L2b:LINE:L2	NM_001143779;NM_014055	NM_001143779;NM_014055				1.00	
2202	chr12	116077518	+	78	chr12	116080174	+	156	Y	N	2656	11	N		281		L1MC1:LINE:L1			rs67352178 (chr12:116077525-116079903)			0.55	
400	chr12	127650880	-	47	chr17	31149434	+	48	N	Y		10	N		340	LSU-rRNA_Hsa:rRNA:rRNA;Tandem period 10	Self chain		NM_015194			Y	0.20	
3945	chr12	128390807	+	113	chr12	128391939	-	108	N	N	1132	11	N		288	L1ME1:LINE:L1	L1ME1:LINE:L1						0.90	
356	chr17	1122486	-	336	chr17	1122917	+	252	N	N	431	14	Y	GCAT	4	AluSx1:SINE:Alu	AluSx:SINE:Alu						0.18	ctcaggagtttgagacctgcctggtcaacaTGGTGAAACCCCGTCTCTACTAAAAATACAAAAATTAGCCAGGTGTGGTGGCGCATgcctgtaatcccagctactcaggaggctga
354	chr17	16323014	-	329	chr17	16324213	+	325	N	N	1199	59	N		87	Self chain	FLAM_C:SINE:Alu;Self chain	NM_016113	NM_016113				0.00	
353	chr17	22173596	-	312	chr17	22191568	+	401	N	N	17972	13	Y		0	ALR/Alpha:Satellite:centr;SegDup;Self chain	SST1:Satellite:centr;Self chain					Y	0.00	ttggagaccattgaggccttttttaaaaaaTCGAATGTCTCACAATAAAAACTGCTGAGAAGCAGGAGCCCCTGCAAGGCCCAGAAtgaagggacgtagtgagctcaagggcccgg
1873	chr17	27782907	+	375	chr17	27825364	+	296	Y	N	42457	15	Y		0	L1MB4:LINE:L1;Self chain	Self chain	NM_020791	NM_020791				0.00	ggtttctgtttgctagtatggtgttgggaaTTTAACAGTTAATAgtgttggaagtaatcaatccattcccagca
1871	chr17	32185847	+	196	chr17	34177329	+	174	Y	N	1991482	16	N		208	Self chain	MIR:SINE:MIR;Self chain	NM_001094					0.00	
1556	chr17	45214728	+	214	chrY	10028207	+	337	Y	Y		12	Y	CTGG	4	Self chain	SegDup;Self chain	NM_001114091;NM_001256					0.00	gctttgtccaattcttcagttaagacaaacTCACGCCCTAATGCGCTATAGGCATAAGCATCATTTGGATCCACTTCGAGAGTTCTCTGGAAGAATTGAATCGCAATATCGTGTTCCCGTTGCAGACCGAAACAGTTCCCTGCAGCACACCAGGCCTCTGGCTGGCGAATTTTTATCCATGTCTGTGAAGTCTTTGGACAGAACCTGAAAGAGCAACCTCTTTCGGAGGATGCCAAAGTGTTGTAGAGTAGATCTCCATGCCTTCGACTCTGTAATTCTCAATCCTCCTAACCTCTGAGAATTGTCTTTCAGCTTGCGTGGACTCTGAAAGTTTACAATAGGCCCTTCCGATTTGGCACAGTACCCAACCGGTATTGCGGTGGTGAGAAGCTAGATGGCtcaaaatatttatagcttctttgcagtggt
1864	chr17	45216222	+	118	chr17	45219643	+	160	Y	N	3421	61	N		280	Self chain	Self chain	NM_001114091;NM_001256	NM_001114091;NM_001256				0.00	
1865	chr17	45216257	+	153	chr17	45219226	+	81	Y	N	2969	10	Y	TTGCGTGG	8	Self chain	Self chain	NM_001114091;NM_001256	NM_001114091;NM_001256				0.00	tgttgtagagtagatctccatgccttcaacTCTATAATTCTCAATCCTCCTAACCTCTGAGAATTGTCTTTCAGCTTGCGTGGACTCTGAAAgttcaaaataggcccttccaatttggcaca
1863	chr17	45219302	+	73	chr17	45221253	+	58	Y	N	1951	41	N		317	Self chain	Self chain	NM_001114091;NM_001256	NM_001114091;NM_001256				0.00	
3803	chr17	45229274	+	93	chr17	52387220	-	58	N	N	7157946	11	N		324	Self chain	L1PA13:LINE:L1	NM_001114091;NM_001256					0.55	
1856	chr17	45234751	+	327	chr17	45249281	+	83	Y	N	14530	24	Y	CCCCCTATTTCACATCATGATTCAAAGGGACACCAGAGGAAAGGATTTCAACGAAGGCTCTTTTGGTCACATTCTGATCCTTTGGTAAGCCGATCTGTCTTGCAATATACATGTCCCGACGATGGAAGGGGAAAGCGAGCTGAATCACCAAACTCAGGAACGATAATATCATCGTGGCTTTTCTGCTTATGAAACACTCCACCCGATAAGATTTGATCCCCTTCTGCAAG	230	Self chain	Self chain	NM_001114091;NM_001256	NM_001114091;NM_001256				1.00	gtaagaactgtctcaggctgtctgtgagatAAACTAGGACGAGGTCCAAGTGTTGTGGCGCAACACTTGGACAGGCAGTTGCTAAAGCTCTCTAGAGAGGTGAATCAAAATGTTTGGTCAGGATCTGGCTTTTCCCCCCTATTTCACATCATGATTCAAAGGGACACCAGAGGAAAGGATTTCAACGAAGGCTCTTTTGGTCACATTCTGATCCTTTGGTAAGCCGATCTGTCTTGCAATATACATGTCCCGACGATGGAAGGGGAAAGCGAGCTGAATCACCAAACTCAGGAACGATAATATCATCGTGGCTTTTCTGCTTATGAAACACTCCACCCGATAAGATTTGATCCCCTTCTGCAAGCTTGCTGAGATCAACACAACATTTTGCAAGCaggtatttgcattgcggtgtagtacaactg
1854	chr17	45235660	+	93	chr17	45258935	+	72	Y	N	23275	200	N		308	Self chain	Self chain	NM_001114091;NM_001256	NM_001114091;NM_001256				1.00	
1852	chr17	45235663	+	93	chr17	45266517	+	139	Y	N	30854	70	N		312	Self chain	Self chain	NM_001114091;NM_001256	NM_001114091;NM_001256				1.00	
350	chr17	45249320	-	47	chr17	52387170	+	45	N	N	7137850	23	N		337	Self chain	L1PA13:LINE:L1	NM_001114091;NM_001256					0.65	
1850	chr17	45249361	+	59	chr17	45266539	+	107	Y	N	17178	11	N		324	Self chain	Self chain	NM_001114091;NM_001256	NM_001114091;NM_001256				0.75	
349	chr17	45266510	-	149	chrY	10029879	-	374	Y	Y		18	Y		0	Self chain	SegDup;Self chain	NM_001114091;NM_001256					0.00	gtgggcctgagcctcgaggatgacggtgctGCAGGGACCCGTCCAGGCTGCTATATGGCAAGCACTAAACCACTATGCCTACCGAGATGCGGTTTCCCCCGCAGAACGCCTTTATGCAGAAGTACACTCAGAAGAAGCCTTGTTTTTACTGGCGACCTGTTCTTACCGCCCAGGAAAGGCCTACAAAGCATATAGACTCTTGAAAGGACACAGTTGTCCTACACCGCAATGCAAATACCTGCTTGCaaaatgttgtgttgatctcagcaagcttgc
1847	chr17	47037228	+	186	chr17	47037868	+	164	Y	N	640	12	Y		0	Self chain;Tandem period 40	Self chain	NM_004123	NM_004123	rs71886448 (chr17:47037095-47037695)			0.00	gagggaaagctgagaacaggatgggctcagCTCTGTGTGTAGGGACAGGCAGGACACAGGATGGGCTCAGCTCTGTGGGTAGGGACAGGCGGGACACAGGATGGGCTCAGCTCGGTGGGTAGGGACAGGCGGGGCATAGGATGGGCTCTGGGTGGGTAGAGACAGGCAGGtagggataggcaggggagagcatcacctcg
1823	chr17	78717616	+	345	chr17	78718804	+	115	Y	N	1188	11	Y		0	Self chain;Tandem period 36;Tandem period 54;Tandem period 90	Self chain;Tandem period 36;Tandem period 54;Tandem period 90	NM_001163034;NM_020761	NM_001163034;NM_020761	rs72109633 (chr17:78717573-78718473)			0.70	agggcacagccctggctactagcacagcccTGGCTACTAGCACTGTCCTGGCTACTAGCACAGCCCTGGTTACTAGCAGAGCCCTGGCTACTAGCACAGCCCTGGTTACTAGCACTGTCCTGGTTACTAGCACAGCCCTGGCTACTAGCacagtcctggctactagacacctctgctag
293	chrY	13449290	-	43	chrY	13449291	-	32	Y	N	1	12	Y	T	1	SegDup;Self chain;Tandem period 202	SegDup;Self chain;Tandem period 202						0.00	ggaatgcaatggaagggaagggaatggggaTaaatgaaatgtgagctgacattgtggcact
268	chrY	13460861	-	393	chrY	13482178	-	524	Y	N	21317	26	N		248	BSR/Beta:Satellite:Satellite;Self chain;Tandem period 68	BSR/Beta:Satellite:Satellite;Self chain;Tandem period 137;Tandem period 206;Tandem period 68						0.00	
1488	chrY	13466940	+	146	chrY	13479555	+	75	Y	N	12615	10	Y	CAATGCCCCCTT	12	BSR/Beta:Satellite:Satellite;Self chain;Tandem period 137;Tandem period 68	BSR/Beta:Satellite:Satellite;Self chain;Tandem period 137;Tandem period 68						0.00	agcctatacaagagttacatcatctcggtgATCAGTGCAGTGATATGTTAAAATGCCCCTGTAGGCAGAGCCTAGACAAGAGTTACATCACCTGGGTGATCAGTGCAGAGATATGTCACAATGCCCCCTTagagtgtagacaagtgtttcctccttgggg
12	chrY	13467832	-	79	chrY	58993933	+	45	N	N	45526101	11	N		329	BSR/Beta:Satellite:Satellite;Self chain;Tandem period 137;Tandem period 68	BSR/Beta:Satellite:Satellite;Tandem period 137;Tandem period 68						0.00	
248	chrY	13472572	-	400	chrY	13489983	-	338	Y	N	17411	16	Y		0	BSR/Beta:Satellite:Satellite;Self chain	Self chain						0.00	ccgaggtgatgtaaatcatttccaggctttTTGTACAGGGGACATTGTGATATATCTCTGCACTGATCACCCAAATGATGCAAATCTTCTCTAGGCTCCGCAGGGAGGGGGCATTGTGACATATTTCTGAACTGATCATCCAGGAGATGTAACTATTCTCCAGGCTTTGAcaaaagagcttcggaaggtgttgggagaga
1465	chrY	13486674	+	370	chrY	13487194	+	385	Y	N	520	10	Y		0	BSR/Beta:Satellite:Satellite;Self chain;Tandem period 137;Tandem period 206;Tandem period 68	BSR/Beta:Satellite:Satellite;Self chain						0.00	gagcctagacaagtgtcccatcacctaggtGATCAGTGTAGAAATCTGTCACAATGCCCCCATAGGCAGATCCAACACAAGAGTTACATCACTTTGTTGATCAGTCAGGGATGTGTCATGCTgactgtttgctccggcagctctgcgggcac
33	chrY	13487191	-	225	chrY	58988264	+	366	N	N	45501073	16	Y	GTAACCC	7	BSR/Beta:Satellite:Satellite;Self chain	BSR/Beta:Satellite:Satellite;Tandem period 137;Tandem period 68						0.00	ccggagcaaacagtcagcatgacacatctcTGAACTGATCAACAAAGTGATGTAACCCTTGTCTAGGCTCTGCCTACAGGGGCTTTGTGACATATCTCTGCACTGATCACCCACGTGATGTAAATCTTGTGTTGGATCTGCCTATGGGGGCATTGTGACATATTTCTGCACTGATCACCCAGGTGATGGGACTCTTGTCTAGGCTCTGTGTATGGGGGCTTTGTGACATATCTCtgcactgatgacccaggtgatgtaatgctt
1461	chrY	58983405	+	428	chrY	58988331	+	347	Y	N	4926	14	Y	GCCATGGACGTAAA	14	BSR/Beta:Satellite:Satellite;Tandem period 137;Tandem period 68	BSR/Beta:Satellite:Satellite;Tandem period 137;Tandem period 68						0.00	ctattttatagtctctgtgtatgggggcatGCATGACACATCTCTGAACTGATCAACAAAGTGATGTAACCCTTGTCTAGGCTCTGCCTACAGGGGCTTTGTGACATATCTCTGCACTGATCAGCCATGGACGTAAATCttgtgttggatctgcctagggggcattgtg
