#ASSEMBLY_ID	male36
#CHROMOSOME	chr22
#FORMAT_VERSION	1.1
#GENERATED_AT	2010-Apr-08 01:34:41.866319
#GENERATED_BY	ExportEvidence
#SAMPLE	GS00022-DNA-A01
#SOFTWARE_VERSION	$Change: 12517 $ Mar 19 2010 16:09:35
#TYPE	EVIDENCE-DNBS

>IntervalId	Chromosome	Slide	Lane	FileNumInLane	DnbOffsetInLaneFile	AlleleIndex	Side	Strand	OffsetInAllele	AlleleAlignment	OffsetInReference	ReferenceAlignment	MateOffsetInReference	MateReferenceAlignment	MappingQuality	ScoreAllele0	ScoreAllele1	ScoreAllele2	Sequence	Scores	
0	chr22	GS06929-FS3	L06	1	1014949	0	L	+	2	5M2B10M0N10M7N10M	002	5M2B10M0N10M7N10M	373	10M6N10M0N10M2B5M	Z	57	27	57	TCTGAGATAAGTCCCAGGACTTCAGGTGAGACCTTTAGTATGCAACAATTTGGAAATATCAACTGTGTTT	+(/%+9979::2::9858<;7-8;.93::83:25589:9:6-:93;<;;<:13<:98:7:54884(%/03
0	chr22	GS06930-FS3	L04	1	13075975	0	L	+	27	5M2B10M0N10M5N10M	027	5M2B10M0N10M5N10M	376	10M5N10M0N10M2B5M	<	27	1	27	GAGCTCTGTGAGACCTTGGCCAAGTCCTCCTTCAGTATGCAAGNNATTNNGAAATATCAACTGNTTTTTG	88:7:99::;:::9:87;94;7;;-::5689:;:9899:::94!!;:<!!<<<;::;:;9978!":;9:9
0	chr22	GS06931-FS3	L01	2	9975746	0	R	-	3	5M2B10M0N10M6N10M	003	5M2B10M0N10M6N10M	363	10M6N10M0N10M2B5M	>	29	3	29	TATTTTTCCAAATTGGTTTTCTTGCAATTAAAGAAAAGGTCTCACTCTGAAGTCCTGGGACTTATATCAG	.604699::::::::::;:9::::;::7:::;4:9:::9:99:::6:9:9;:7;9:::;64334386067
0	chr22	GS06931-FS3	L03	2	20242297	0	L	+	1	5M2B10M0N10M5N10M	001	5M2B10M0N10M5N10M	345	10M6N10M0N10M2B5M	U	52	22	52	ATCTGTGATAAGTCCCAGGACTTCAGCTGTGAGACTTGATTTGGGATTTCTTTAATTTAGTATGCGCAAG	36/7$733:3:89:9.5<<00;3;*:<<<;9;:;:9::::::;;:6;;<<<<<;:::::633245,9/05
0	chr22	GS06941-FS3	L02	2	913888	0	L	+	1	5M2B10M0N10M5N10M	001	5M2B10M0N10M5N10M	420	10M7N10M1N10M3B5M	2	17	0	17	ATCTGTGATAAGTCCCAGGACTTCAGCTGTGAGACTTAGACCTAGTTAGTAAGATTTCCCATTTATTATA	85:::9::;:9:8;:;<<<<67::.;;;::;;:;:99:95:999463;;:<=<;;::;;:34343%5:-9
0	chr22	GS06954-FS3	L01	1	4528525	0	R	-	31	5M2B10M0N10M6N10M	031	5M2B10M0N10M6N10M	400	10M6N10M0N10M2B5M	/	14	0	14	AAGGAGATGACCTAGGTCTAAGGTTACAGTTGATATGTTCCTGAAAGTGAATTGGCCAAAGTCTCTTACG	4224/746778998999;:9761:899/798573975:991/'0/9:999%<;<;$567#%.*#-.,05$
0	chr22	GS06954-FS3	L03	1	22551541	0	L	+	1	5M2B10M0N10M5N10M	001	5M2B10M0N10M5N10M	345	10M6N10M0N10M2B5M	Y	56	25	56	ATCTGTGATAAGTCCCAGGACTTCAGCTGTGAGACTTGATTTGGGATTTCTTTAATTTAGTATGCGCAAG	88:;::::3::::::;<<;<76-;.:;:;;;:9;::9:;;:;;::8<327<<<<:;:;::15336:::98
0	chr22	GS06864-FS3	L01	2	8800137	1	R	-	27	5M2B10M0N10M6N10M	027	5M2B10M0N10M6N10M	418	10M6N10M0N10M2B5M	$	0	3	0	AAATGTGGGAAGATCTTACTAAGGAAGGTCTAAGGCCTGAAGGAGACTTGGCCAAGGTCGCACAGAGCTC	89:7:999:999::::;<<;::::::85::9;;:93796988667::;<:;;<<;:::::54463:9:89
0	chr22	GS06864-FS3	L01	2	13157440	1	R	-	27	5M2B10M0N10M5N10M	027	5M2B10M0N10M5N10M	315	10M6N10M0N10M2B5M	$	0	3	0	CCAAAAATCAAGGAAAATGAATGATATTTTAGCTGCTGAAGGAGGACTTGGCCAAGGTCGCACAGAGCTC	8999:9:::;7:::::;0<3;:;:::;9:9;;;:98:::;::::::9;;;<<;<::;;:82435+-4:49
0	chr22	GS06864-FS3	L02	1	29383087	1	L	+	2	5M2B10M0N10M7N10M	002	5M2B10M0N10M7N10M	280	10M5N10M0N10M2B5M	$	0	3	0	TCTGAGATAAGTCCCAGGACTTCAGGTGCGACCTTGCTTATCATTTTTTGGATGATTCTAAGTACACCAG	,0//'56739899:9:.4<4:73:8:;;:;:69:99:9::::9:9;<<=;<==<;84:4533*4325615
0	chr22	GS06930-FS3	L06	1	27875177	1	R	-	1	5M2B10M0N10M6N10M	001	5M2B10M0N10M6N10M	260	10M7N10M0N10M1B5M	$	0	3	0	CCAAAAAGAGAGAATGATAAGCCTCGAAGTTAATAGGTCGCACAGTGAAGTCCTGGGACTTATCACAGAT	889989::;;:::::7:;:;2;7,01988:4:9899:::::::::::69:&';)&:::;:..*4127479
0	chr22	GS06931-FS3	L02	1	7059733	1	L	+	33	5M2B10M0N10M6N10M	033	5M2B10M0N10M6N10M	390	10M5N10M0N10M2B5M	@	5	31	5	TGCGAGACCTTGGCCAAGTCACTTCCAGGAACATTAATTTGGAAAACTGTTTTGGAAACCTTAGAGACCT	(484(16::859999:<60515$1:;::8;:;:29993:::::::;<;<<<<=<;:::8:74834(5998
0	chr22	GS06931-FS3	L02	1	23209001	1	R	-	20	5M2B10M0N10M6N10M	020	5M2B10M0N10M6N10M	356	10M6N10M0N10M2B5M	*	0	9	0	NAATTTTGGTTTTCTTCTATACTAAGAAATTAGGCGAGGAAGTGACAAGGTCGCACAGCTCTTCTCTGAA	!,,-&9;;;;/97&85$$/&)4&80-::::9+:6934586;219336993<98<;9:8:64.5*0.//(3
0	chr22	GS06932-FS3	L01	1	12243597	1	R	-	33	5M2B10M0N10M6N10M	033	5M2B10M0N10M6N10M	416	10M7N10M0N10M2B5M	$	0	3	0	AATGGGGGAAGATCTTACTAAGGATGTCTAAGGTTAATGTTCCTGGAAGTGACTTGGCCAAGGTCTCGCA	8:8::6::::::::::<<<8:189/8*:89;::66::::79+*)/2;;<<<<<;:::::;64566*:899
0	chr22	GS06932-FS3	L01	2	23103584	1	L	+	18	5M2B10M0N10M6N10M	018	5M2B10M0N10M6N10M	401	10M6N10M0N10M2B5M	>	2	29	2	ACTTCTCAGAAGAGCTGTGCGACCTAGTCACTTCCATCAACTGTTACCTTAGACCTAGGTCATCCCCTTA	7956749707:::::7753:%4%0%38#98:65:98::::::99::;;<<<=;<::::::45555:7989
0	chr22	GS06932-FS3	L03	1	15735844	1	L	+	2	5M2B10M0N10M6N10M	002	5M2B10M0N10M6N10M	279	10M6N10M0N10M2B5M	$	0	3	0	TCCGCGATAAGTCCCAGGACTTCAGTGTGCGACCTGGCTTATCATTTTTGGATGATTCTAAGTACACCAG	56&5$*8,99::::::;;<0;1:2/;<;;;48:9:::::3:::):;<;<;<===;4::4:22,3419969
0	chr22	GS06932-FS3	L04	1	21933379	1	R	-	25	5M2B10M0N10M6N10M	025	5M2B10M0N10M6N10M	418	10M6N10M0N10M2B5M	$	0	3	0	AAATGTGGGAAGATCTGAGGAAGGAAGGTCTAAGGTGAAGGAGGATTGGCCAAGGTCGCACAGCTCTCTT	77558:;;:;4::59('6'#)7:96:5:.9:::::.:9:9:;:::;<<<<<<=;:85:9715/35&%2&-
0	chr22	GS06941-FS3	L01	2	13184863	1	R	-	20	5M2B10M0N10M6N10M	020	5M2B10M0N10M6N10M	424	10M6N10M0N10M2B5M	$	0	3	0	TTATATATAAATGGGAAGATCTTACTGACCTAGGTGAGGAAGTGACAAGGTCGCACAGCTCTTCTCTGAA	8.9'886)87:::9::<<<75112,;;:::;::::9;;:;::7:3;::::=<<<;:;:::31331::9:9
0	chr22	GS06941-FS3	L04	1	27831765	1	L	+	2	5M2B10M0N10M6N10M	002	5M2B10M0N10M6N10M	279	10M6N10M0N10M2B5M	$	0	3	0	CCTGAGATAAGTCCCAGGACTTCAGTGTGCGACCTGGCTTATCATTTTTGGATGATTCTAAGTACACCAG	+504(67(68:799::;5<;:;;:9::;:;:949978::8::6,:;88:;::=::/*+%71323395552
0	chr22	GS06941-FS3	L05	1	24934363	1	R	-	20	5M2B10M0N10M6N10M	020	5M2B10M0N10M6N10M	356	10M6N10M0N10M2B5M	<	1	27	1	AAATTTTGGTTTTCTTGCATACTAAGAAATTAGGCGAGGAAGTGACAAGGTCGCACAGCTCTTCTCTGAA	1000299::;987.942&&13/8639998::::9982878902:'88136;<:::899142/,0024515
0	chr22	GS06953-FS3	L01	2	8673290	1	R	-	31	5M2B10M0N10M6N10M	031	5M2B10M0N10M6N10M	421	10M6N10M0N10M2B5M	$	0	3	0	TATAAAAATGGGAAGATCTTACTAACCTAGGTCTATGTTCCTGAAAGTGACTTGGCCAAGGTCGCGCACA	8:3:99:::9::;:::<;<<;;6;::<:.998:89969:::72::;<<<<;<<<;::::82331/7:9:8
0	chr22	GS06953-FS3	L02	1	13836299	1	R	-	20	5M2B10M1N10M5N10M	020	5M2B10M1N10M5N10M	355	10M7N10M0N10M2B5M	?	2	30	2	AAATTTTGGTTTTCTTGCATACTAAAAATTAGGCTGAGGAAGTGACCAAGGTCGCCAGCTCTTCTCTGAA	8:::;9::::8::9::<<<<21;1::::::;;:;99::;;:::72;<:::=<<<;:;:6:021228;:::
0	chr22	GS06953-FS3	L04	1	8783899	1	R	-	26	5M2B10M0N10M6N10M	026	5M2B10M0N10M6N10M	419	10M6N10M0N10M2B5M	$	0	3	0	TAAATATGGGAAGATCTTACTAAGGTAGGTCTAAGCTGAAGGAGGCTTGGCCAAGGTCGCACAGCGCTCT	*779.9::;;::9:;:588/8;:6:::::;8;:::9::9:;:;::;;;;;:<<<;:;;964547472(/7
0	chr22	GS06953-FS3	L04	1	29431780	1	L	+	24	5M2B10M0N10M6N10M	024	5M2B10M0N10M6N10M	418	10M6N10M0N10M2B5M	$	0	3	0	GAAGAGAGCTGTGCGACCTTGACCATTCCTCCTTCCCTTAGACCTTCCTTAGTAAGATCTTCCCACATTT	/7663899;;:99:9892/28$%97+::;8;;:::999::9:::*.;;9;<=;<:::;::6654-78278
0	chr22	GS06954-FS3	L04	1	28167287	1	L	+	3	5M2B10M0N10M6N10M	003	5M2B10M0N10M6N10M	364	10M7N10M0N10M2B5M	$	0	3	0	CTGATATAAGTCCCAGGACTTCAGAGTGCGACCTTTCTTTAATTTAAGAAAACCAATTTGGAAATATATC	874:+9499997::9:<<<;;::9::::;:::::99:9::99)/-;;:=;=<<;;:9:::56792;5:28
0	chr22	GS06956-FS3	L02	1	11604140	1	L	+	2	5M2B10M0N10M6N10M	002	5M2B10M0N10M6N10M	338	10M6N10M0N10M2B5M	1	0	16	0	TCTGCGATAAGTCCCAGGACTCCACTGTGCGACCTATTTTCCTTGGAGCCTAATTTCTTTAATTTTTAGT	(423%9:99:-):::6738:7):*&;<::;'6::9::;:6:::::*8;<;(<<;:9:8682434207319
0	chr22	GS06956-FS3	L06	2	14889112	1	R	-	27	5M2B10M0N10M5N10M	027	5M2B10M0N10M5N10M	315	10M6N10M0N10M2B5M	$	0	3	0	CCAAAAATCAAGGAAAATGAATGATATTTTAGCTGCTGAAGGAGGNCTTGGCCAAGGTCGCACAGAGCTC	2::::9::::::::;:;;<;:9::::;::;:;:;9:;;;;:::9:!:;::;;;;::;<;:33333775-8
0	chr22	GS06929-FS3	L06	1	1014949	2	L	+	2	5M2B10M0N10M7N10M	002	5M2B10M0N10M7N10M	373	10M6N10M0N10M2B5M	Z	57	27	57	TCTGAGATAAGTCCCAGGACTTCAGGTGAGACCTTTAGTATGCAACAATTTGGAAATATCAACTGTGTTT	+(/%+9979::2::9858<;7-8;.93::83:25589:9:6-:93;<;;<:13<:98:7:54884(%/03
0	chr22	GS06930-FS3	L04	1	13075975	2	L	+	27	5M2B10M0N10M5N10M	027	5M2B10M0N10M5N10M	376	10M5N10M0N10M2B5M	<	27	1	27	GAGCTCTGTGAGACCTTGGCCAAGTCCTCCTTCAGTATGCAAGNNATTNNGAAATATCAACTGNTTTTTG	88:7:99::;:::9:87;94;7;;-::5689:;:9899:::94!!;:<!!<<<;::;:;9978!":;9:9
0	chr22	GS06931-FS3	L01	2	9975746	2	R	-	3	5M2B10M0N10M6N10M	003	5M2B10M0N10M6N10M	363	10M6N10M0N10M2B5M	>	29	3	29	TATTTTTCCAAATTGGTTTTCTTGCAATTAAAGAAAAGGTCTCACTCTGAAGTCCTGGGACTTATATCAG	.604699::::::::::;:9::::;::7:::;4:9:::9:99:::6:9:9;:7;9:::;64334386067
0	chr22	GS06931-FS3	L03	2	20242297	2	L	+	1	5M2B10M0N10M5N10M	001	5M2B10M0N10M5N10M	345	10M6N10M0N10M2B5M	U	52	22	52	ATCTGTGATAAGTCCCAGGACTTCAGCTGTGAGACTTGATTTGGGATTTCTTTAATTTAGTATGCGCAAG	36/7$733:3:89:9.5<<00;3;*:<<<;9;:;:9::::::;;:6;;<<<<<;:::::633245,9/05
0	chr22	GS06941-FS3	L02	2	913888	2	L	+	1	5M2B10M0N10M5N10M	001	5M2B10M0N10M5N10M	420	10M7N10M1N10M3B5M	2	17	0	17	ATCTGTGATAAGTCCCAGGACTTCAGCTGTGAGACTTAGACCTAGTTAGTAAGATTTCCCATTTATTATA	85:::9::;:9:8;:;<<<<67::.;;;::;;:;:99:95:999463;;:<=<;;::;;:34343%5:-9
0	chr22	GS06954-FS3	L01	1	4528525	2	R	-	31	5M2B10M0N10M6N10M	031	5M2B10M0N10M6N10M	400	10M6N10M0N10M2B5M	/	14	0	14	AAGGAGATGACCTAGGTCTAAGGTTACAGTTGATATGTTCCTGAAAGTGAATTGGCCAAAGTCTCTTACG	4224/746778998999;:9761:899/798573975:991/'0/9:999%<;<;$567#%.*#-.,05$
0	chr22	GS06954-FS3	L03	1	22551541	2	L	+	1	5M2B10M0N10M5N10M	001	5M2B10M0N10M5N10M	345	10M6N10M0N10M2B5M	Y	56	25	56	ATCTGTGATAAGTCCCAGGACTTCAGCTGTGAGACTTGATTTGGGATTTCTTTAATTTAGTATGCGCAAG	88:;::::3::::::;<<;<76-;.:;:;;;:9;::9:;;:;;::8<327<<<<:;:;::15336:::98
1	chr22	GS06865-FS3	L04	1	14352398	0	R	-	-35	5M2B10M0N10M6N10M	077	5M2B10M0N10M6N10M	402	10M6N10M0N10M2B5M	?	30	2		CTAAGAGGATGACCTAGGTCTAAGGAAACAGTTGACCGTCCCCATCCCGAGAGGAGGCACTTAGGGGCCC	86:::99:9:::::::<<<<;;:;:::::::;:::::::0::::84;<;;=<<;;:::;654332::7:9
1	chr22	GS06865-FS3	L04	1	22383500	0	L	+	2	5M2B10M0N10M6N10M	114	5M2B10M0N10M6N10M	491	10M6N10M0N10M2B5M	$	3	0		GGTCACATGCAATCTGGACAACACTTAAAAGTTTACCAAACATAACTGAGATGCCCAAAGGGGGCGCCAC	8959:7:526(63:6764<<401+#+3/104-249::::;-05732326<96=;::5:8600.(-4::46
1	chr22	GS06865-FS3	L05	2	3133809	0	R	-	0	5M2B10M0N10M6N10M	112	5M2B10M0N10M6N10M	418	10M7N10M0N10M2B5M	$	3	0		TAAATATGGGAAGATCTTACCAAGGAGGTCTAAGGAACTTTTAAATGTTGTCCAGATTGCATGACACCGT	5:9::9::;:::6:9:29<<%61,$/-'794:::9:9:::97::9;;;<=;=<=::9::;86998::::9
1	chr22	GS06865-FS3	L06	2	7145519	0	R	-	3	5M2B10M0N10M5N10M	115	5M2B10M0N10M5N10M	482	10M6N10M0N10M2B5M	$	3	0		TTTGGGGGCATCTCAGTTGGCTTTAGTAATTATGGTAAACTTTTAGAATGTTGTCCAGATTGCATATGAC	8::::19:::::;:::;=;<9;;;1:;;;;;::::9::::90998;<;;;<;=;;::;::22231;:::9
1	chr22	GS06865-FS3	L06	2	15408285	0	R	-	0	5M2B10M0N10M6N10M	112	5M2B10M0N10M6N10M	513	10M5N10M0N10M2B5M	$	3	0		AAAGGGGAGGAAAAGCAAGGAGAGTCCTTTGGGCAAACTTTTAAATGTTGTCCAGATTGCATGACACCGT	8:::85:98::9::::;;<<0;::')3*&5::6399::::009:95<<;<8<:<::83:876863.4798
1	chr22	GS06866-FS3	L01	2	18834551	0	R	-	-14	5M2B10M0N10M6N10M	098	5M2B10M0N10M6N10M	458	10M5N10M0N10M2B5M	$	3	0		TTTGGGGTAATTATGGCACTACTACAGTATTTACAAATGTTGTCCAATGGCCGTCCCCATACCAGAGTCC	-667358999::;99:<<<;2'&104476879:%99:::::99::&'5&%;<<;;:7;::1221/87799
1	chr22	GS06866-FS3	L02	1	3861184	0	R	-	-16	5M2B10M0N10M6N10M	096	5M2B10M0N10M6N10M	485	10M5N10M0N10M2B5M	$	3	0		CCTTTTTGGGCATCTCAGTTGGCTTTTGGTAATTATGTTGTCCAGTGACCGTCCCCATACCAGTCTCCCG	2888989;:::6::::;:<<;;;;:::;:;::::99:::9::::9;;;<;6;<<;:;;:;3323388898
1	chr22	GS06866-FS3	L04	1	22355852	0	L	+	-16	5M2B10M0N10M6N10M	096	5M2B10M0N10M6N10M	419	10M5N10M0N10M2B5M	$	3	0		CGGGAGACTGGTATGGGGACGGTCACTGGACAACACTTAGACCTATCCTTAGTAAGATCTTCCCACATTT	8:9::9:;;;::::::<<<39:;;::;:;;;;;;:9:::05:92:5;;3;<<=<;::;::2323/6:.79
1	chr22	GS06866-FS3	L05	1	13570297	0	R	-	-16	5M2B10M0N10M6N10M	096	5M2B10M0N10M6N10M	485	10M5N10M0N10M2B5M	$	3	0		CCTTTTTGGGCATCTCAGTTGGCTTTTGGTAATTATGTTGTCCAGTGACCGTCCCCATACCAGTCTCCCG	72.98:9:::9::::2;3<<:;;;:;<;:<:;:;:99::7:::::;:9;;<=<;;:;;::3323594897
1	chr22	GS06929-FS3	L05	1	903720	0	L	+	-2	5M2B10M0N10M5N10M	110	5M2B10M0N10M5N10M	444	10M5N10M0N10M2B5M	$	3	0		GGAGGCGGTCATGCAATCTGGACAAACCTTTAAAAGATCTTCCCAATAAATACTTGCAAGTAGTATAGTG	831&*72:;:3+06-5*<142;;;90;)1::-:/(9:7:7::::8;:89;9:9;84:979+.,0006031
1	chr22	GS06929-FS3	L06	1	28058014	0	R	-	3	5M2B10M0N10M5N10M	115	5M2B10M0N10M5N10M	482	10M6N10M0N10M2B5M	$	3	0		TTTGGGGGCATCTCAGTTGGCTTTAGTAATTATGGTAAACTTTTAGAATGTTGTCCAGATTGCATATGAC	8996:2::::6:;88;;<2<;;;;(;:::;;:;:9::8::::::9<<;;;<<<;;::::;1,2531:919
1	chr22	GS06930-FS3	L06	1	11938955	0	L	+	-17	5M2B10M0N10M5N10M	095	5M2B10M0N10M5N10M	458	10M5N10M0N10M2B5M	$	3	0		TCGGGGGACTGGTATGGGGACGGTCATCTGGACAATATAAATACTGTAGTAGTGCCATAATTACCCCAAA	8::9:89899:::99:<<<;::;;7:::;::9::9%2&75554708981;<<:;::::::44344;:999
1	chr22	GS06930-FS3	L06	1	22146103	0	L	+	-15	5M3B10M1N10M6N10M	097	5M3B10M1N10M6N10M	448	10M6N10M0N10M2B5M	$	3	0		GGGACGACTGGTATGGGACGGTCATTGGACAACATTTCCCATTTATACTTGCAAGTAGTAGTGCCCCATA	89::24:::::9;:9:5<:;;;;;7;;:::6::99::::::5:9:::896=<<;;::;8854556;;3:9
1	chr22	GS06931-FS3	L04	1	12257217	0	R	-	-17	5M2B10M0N10M5N10M	095	5M2B10M0N10M5N10M	483	10M5N10M0N10M2B5M	$	3	0		TTTNGGGGCATCTCAGTTGGCTTTAGGTAATTATGTTGTCCAGATGACCGTCCCCATACCAGTCCCCCGA	8::!:6:8:::9:::9;<<<;;:;6:;;;;::::9::::::::::93;;9;;<<;::;::32344:8998
1	chr22	GS06932-FS3	L01	1	22314522	0	R	-	-29	5M2B10M0N10M5N10M	083	5M2B10M0N10M5N10M	425	10M6N10M0N10M2B5M	$	3	0		TTTATATATAAATGGGAAGATCTTAATGACCTAGGCATGACCGTCACCAGTCCCGAGAGGAGGCACACTT	705756*847::::::<<<<;:;;::;;:;:;:;99::;::97:-8:;;:<;<<:::;::86286;:999
1	chr22	GS06932-FS3	L01	2	4419398	0	R	-	-6	5M1B10M0N10M5N10M	106	5M1B10M0N10M5N10M	482	10M5N10M0N10M2B5M	$	3	0		TTGGGGGCATCTCAGTTGGCTTTATGTAATTATGGTAAAGGTGAATCCAGATTGCATGACCGTCCGCCAT	197789:;9;3:96::8<<-::;;::::::;:::9:8::::::::<1<<;==<;::::::54424+'.*7
1	chr22	GS06932-FS3	L03	1	9415920	0	R	-	-8	5M3B10M2N10M5N10M	104	5M3B10M2N10M5N10M	490	10M6N10M0N10M2B5M	$	3	0		TGGCCCCCCCTTTGGGCATCTCAGTTATGTTTGGTAAGGTGAATGCAGATTGCATCCGTCCCCATCATAC	(%%*,889:8:4:784<6<2;9,698:69:::::99::::;:::9;99:;9<=;:::7:62434396178
1	chr22	GS06941-FS3	L04	2	23852958	0	R	-	-29	5M2B10M0N10M5N10M	083	5M2B10M0N10M5N10M	414	10M6N10M0N10M1B5M	$	3	0		TGGGAAAGATCTTACTAAGGATGGCCTAAGGTTTCCATGACCGTCACCAGTCCCGAGAGGAGGCACACTT	889:'85:;;::5:::<<<<6-*1+:::::::::9:::8:::97/9:::8;:;;9::5;:4488,;7:99
1	chr22	GS06941-FS3	L06	1	14525474	0	R	-	3	5M2B10M0N10M5N10M	115	5M2B10M0N10M5N10M	483	10M5N10M0N10M2B5M	$	3	0		TTTGGGGGCATCTCAGTTGGCTTTAGGTAATTATGTAAACTTTTAGAATGTTGTCCAGATTGCAGATGAC	785743868-8998,:;;;8;::;079:8799788572977896399::8;<:9:98988)'2,%78847
1	chr22	GS06942-FS3	L03	1	21996521	0	R	-	-6	5M1B10M0N10M5N10M	106	5M1B10M0N10M5N10M	482	10M5N10M0N10M2B5M	$	3	0		TTGGGGGCATCCCAGTTGGCTTTATGTAATTATGGTAAAGGTGAATCCAGATTGCATGACCGTCCCCCAT	7:::885:;;1)3.3:<<<<5;:9:::9;;:8;;:::;8;;::89;<<;<<<=8;9:47;45510905+.
1	chr22	GS06942-FS3	L05	1	4817581	0	L	+	-15	5M2B10M0N10M5N10M	097	5M2B10M0N10M5N10M	483	10M5N10M0N10M2B5M	$	3	0		GGGACACTGGTATGGGGACGGTCATCTGGACAACACATAATTACCTAAAGCCAACTGAGATGCNCCCAAA	5994)92/::(::5953:97:::;24;;;;;;::89:39988:::<;<;<=9<=;79883302!4::/98
1	chr22	GS06942-FS3	L05	2	12640416	0	R	-	-27	5M2B10M0N10M6N10M	085	5M2B10M0N10M6N10M	404	10M6N10M0N10M2B5M	?	30	3		TACTATAAGGATGACCTAGGTCTAACAAAACAGTTTTGCATGACCATACCAGTCCCGAGAGGAGGGGCAC	5::4599::8998:7:<<8<;;;;0:;::;;:3:7.44;::::::<;<<<=<;=;:8:887696-67::9
1	chr22	GS06953-FS3	L02	2	5032184	0	L	+	-19	5M2B10M0N10M7N10M	093	5M2B10M0N10M7N10M	477	10M6N10M0N10M2B5M	$	3	0		TCTCGCGGGACTGGTATGGGGACGGATCTGGACAATAGTGCCATAAAACATAAAGCCAACTGAGAGATGC	8:96:9999:::::9:<<<<;:;;:;;:;::;::99::::::98:<<;<;<<==;:;;::2334-9:::9
1	chr22	GS06953-FS3	L02	2	20820283	0	R	-	3	5M2B10M0N10M5N10M	115	5M2B10M0N10M5N10M	483	10M5N10M0N10M2B5M	$	3	0		TTTGGGGGCATCTCAGTTGGCTTTAGGTAATTATGTAAACTTTTAGAATGTTGTCCAGATTGCATATGAC	89:::899::9:::9:<<<;;:;:+:;:::;;::999::::9::95:;;:><<<<:::::253439:9:9
1	chr22	GS06953-FS3	L03	1	22618500	0	R	-	-11	5M2B10M0N10M6N10M	101	5M2B10M0N10M6N10M	483	10M5N10M0N10M2B5M	$	3	0		TTTGGGGGCATCTCAGTTGGCTTTAGGTAATTATGGTGAATGTTGTTGCATGACCGTCCCCATACACCAG	8::::7:9::::::9;<<<4;;;;/::;;;9:::9:::::::::9;9;<;=<<=;::;:664365;::56
1	chr22	GS06953-FS3	L04	1	19677645	0	L	+	-15	5M2B10M1N10M6N10M	097	5M2B10M1N10M6N10M	483	10M5N10M0N10M2B5M	$	3	0		GGGACACTGGTATGGGACGGTCATGGGACAACATTCATAATTACCTAAAGCCAACTGAGATGCCCCCAAA	69942899:;5:::89::;7;;:;0::;<;:;;989::::;::::;<<:;<==<;99:::63444:9379
1	chr22	GS06954-FS3	L02	2	18249496	0	R	-	-35	5M2B10M1N10M6N10M	077	5M2B10M1N10M6N10M	403	10M5N10M0N10M2B5M	?	30	3		CTAAGAGGATGACCTAGGTCTAAGGAAAACAGTTGACCGTCCCCATCCCGAGAGGGGCACTTAGGGGCCC	80:699:::;9:;:9:;<8;;::;;::;;;;:::9:::::::::5;9;;;<;<;9::::33433329799
1	chr22	GS06954-FS3	L05	1	24790338	0	R	-	-7	5M2B10M0N10M5N10M	105	5M2B10M0N10M5N10M	428	10M7N10M0N10M1B5M	$	3	0		AAGTAATTTATATAAATGGGAAGATAGGATGACCTAAGGTGAATGCAGATTGCATGACCGTCCCCCCATA	8::::29::;7::7::<<<<;;;;:;;9:::;;:9:;::<:::::;;9;;=<<<:::7;420243;:959
1	chr22	GS06954-FS3	L05	1	29992735	0	R	-	-17	5M2B10M0N10M7N10M	095	5M2B10M0N10M7N10M	477	10M7N10M0N10M2B5M	$	3	0		GGCATATCTCAGTTGGCTTTATGTTTATGGCACTATGTTGTCCAGGACCGTCCCCATACCAGTCCCCCTC	4823.1::5;9:::9:;4;5;6::;1.;6::4::081780:::::62:0)6;+<.4:20:4-2.5/482&
1	chr22	GS06956-FS3	L03	1	28922059	0	L	+	-10	5M2B10M0N10M5N10M	102	5M2B10M0N10M5N10M	485	10M5N10M0N10M2B5M	$	3	0		TGGTATATGGGGACGGTCATGCAATCAACATTCACTAATTACCAAAAGCCAACTGAGATGCCCAAAAAGG	-::1,5:5;::9539::<4-1:.2):8;::6::9:7490):8:;:;<<<;<<=<;;4:98332438:697
1	chr22	GS06864-FS3	L01	1	7339768	1	R	-	-15	5M2B10M0N10M5N10M	097	5M2B10M0N10M5N10M	449	10M6N10M0N10M2B5M	@	3	31		TTATGTGGCACTACTACTTGCAAGTATAAATGGGATGTTGTCCAGATGAGCGTCCCCATACCAGTGTCCC	849889::::::::9375;7:::9:9499::::;99::::9:998:<9<;=<<=;:;;::23222::599
1	chr22	GS06864-FS3	L01	1	13604031	1	R	-	-29	5M2B10M0N10M5N10M	083	5M2B10M0N10M5N10M	480	10M7N10M1N10M3B5M	>	3	29		TTGGGGGGCATCTCATTGGCTTTATAATTATGGCACATGAGCGTCACCAGTCCCGAGAGGAGGCACACTT	76884997::8:::::<<<<::;:::;::;:;;;999:::::999:;;;;=<<<;:9::;86978::968
1	chr22	GS06864-FS3	L02	1	29505161	1	L	+	-30	5M2B10M0N10M6N10M	082	5M2B10M0N10M6N10M	410	10M6N10M0N10M2B5M	1	0	16		TAAGTGTGCCGCCTCTCGGGACTGGGACGCTCATGTTTGGAAACCCTAGGTCATCCTTAGTAAGAGAGCT	%,'2'9:9;;)6,339/39::7;;;:0:<<889:8-409:;;:;:<<<;;3;466:548:66665.%-:*
1	chr22	GS06864-FS3	L03	2	8514437	1	R	-	-15	5M2B10M0N10M5N10M	097	5M2B10M0N10M5N10M	448	10M7N10M0N10M2B5M	@	2	31		TTATGTGGCACTACTACTTGCAAGTTAAATGGGAATGTTGTCCAGATGAGCGTCCCCATACCAGTGTCCC	849979::;:::::::;;8,::;::,889;;;;:::::::;:;:9;;;<;<<<<::;;::22220::9:8
1	chr22	GS06864-FS3	L04	2	14220529	1	R	-	-27	5M2B10M0N10M6N10M	085	5M2B10M0N10M6N10M	415	10M5N10M0N10M1B5M	=	1	28		TGGGAAAGATCTTACTAAGGATGACTCTAAGGTTTTTGCATGAGCATACCAGTCCCGAGAGGAGGGGCAC	$%+/&:;:;;.94::1;;2*:2+:03;8:;:;:7::119:9:7::<<<<<<=<<;54;5:7686.+2*38
1	chr22	GS06864-FS3	L05	1	22097571	1	L	+	-17	5M2B10M0N10M6N10M	095	5M2B10M0N10M6N10M	483	10M6N10M0N10M2B5M	6	1	21		TCGGAGGACTGGTATGGGGACACTCTCTGGACAACCATAATTACCAAAGCCAACTGAGATGCCCACAAAG	4.1,$%3:::,2$::0(1%+#%52%;;9;;:;:19-(%51;;;;:;<<;<<=<<;3;68,36987-5465
1	chr22	GS06865-FS3	L01	1	110875	1	R	-	-12	5M2B10M0N10M6N10M	100	5M2B10M0N10M6N10M	477	10M6N10M0N10M2B5M	@	3	31		GCATCTCTCAGTTGGCTTTATGTTTTATGGCACTATGAATGTTGTTGCATGAGCGTCCCCATACCCCAGT	7887.:::9:7:8:9:;<<%,5'86<88997::;89::::6:::24<;<<;;;<:::7::23222*9/28
1	chr22	GS06865-FS3	L01	2	7172405	1	L	+	2	5M2B10M0N10M6N10M	114	5M2B10M0N10M6N10M	504	10M5N10M0N10M2B5M	<	3	27		GCTCACATGCAATCTGGACAACATTTAAAAGTTTACAACTGAGATAAGGGGGCCACTCTCCTTGCGCTTT	8898:9::9:9:89::<<<;:;:;:::::::;;:9:::::::::998498<;<<::;::;03211):989
1	chr22	GS06865-FS3	L03	1	5675647	1	R	-	0	5M2B10M0N10M6N10M	112	5M2B10M0N10M6N10M	449	10M6N10M0N10M2B5M	V	2	53		TTATGTGGCACTACTACTTGCAAGTATAAATGGGAAACTTTTAAATGTTGTCCAGATTGCATGAGAGCGT	869::9:9:::::::758535::9&:'50::::;9:9:::999:5:<;<;=;<=;:::::14897:7:99
1	chr22	GS06865-FS3	L06	1	23865099	1	L	+	-29	5M2B10M0N10M5N10M	083	5M2B10M0N10M5N10M	417	10M6N10M0N10M2B5M	?	2	30		AAGTGTGCCTCCTCTCGGGACTGGTGACGCTCATGACCTTAAACCATCCTTAGTAAGATCTTCCCCCATT	512*38:9::):67::/9858+68.;8:;;::96/69.2-)$'21.'336;<<<::8:97121.0%31'1
1	chr22	GS06866-FS3	L01	1	16611695	1	R	-	2	5M2B10M0N10M6N10M	114	5M2B10M0N10M6N10M	483	10M5N10M0N10M2B5M	$	0	3		TTTGNGGGCATCTCAGTNGGCTTTAGGTAATTAGGTAAACTTTTAAATGTTGTCCAGATTGCATGTGGGG	((%'!89:::(2%70&1!-+:::;(6=;;;6::#:()-+);;;::;=<<<=<=;;/::6:16850%(%00
1	chr22	GS06866-FS3	L04	1	17054085	1	L	+	-11	5M2B10M0N10M6N10M	101	5M2B10M0N10M6N10M	432	10M6N10M0N10M2B5M	,	2	11		CTGNGGTATGGGGACGCTCATGCAACAACATTCACCATCCTTAGTTTCCCATTTATAGAAATACTCTTGC	(',!$9;89;72:9:.)*,.0/(-)<<<;:;8:57-1.:7799597;>=<==;<;%:*5367888&.+..
1	chr22	GS06929-FS3	L02	1	3760739	1	L	+	-13	5M2B10M0N10M5N10M	099	5M2B10M0N10M5N10M	450	10M6N10M0N10M2B5M	<	1	27		GACTGTGGTATGGGGACGCTCATGCGGACAACATTCCCATTTATACTTGCAAGTAGTAGTGCCATATAAA	8:::;6:78.::::::<<<<;;;;;:::::::9:8:9:::8999:9;;79;:7;99;;::44344:;9:9
1	chr22	GS06929-FS3	L02	1	18950724	1	R	-	-4	5M2B10M0N10M6N10M	108	5M2B10M0N10M6N10M	477	10M6N10M0N10M2B5M	7	3	22		GCATCTCTCAGTTGGCTTTATGTTTTATGGCACTATTTAAAGGTGGTCCAGATTGCATGAGCGTCTCCCC	698778:8:::8::97;;<(5/82:::::::99:894999;::::5;<;<;==<:::::32233+.3895
1	chr22	GS06929-FS3	L05	1	4327788	1	R	-	-8	5M2B10M0N10M6N10M	104	5M2B10M0N10M6N10M	480	10M6N10M0N10M1B5M	;	2	26		TTGGGGCATCTCAGTTGGCTTTATGAATTATGGCAAAGGTGAATGAGATTGCATGAGCGTCCCCACATAC	89::49:6:6::::9:<;9<;;;::::;::;;;;::9:;:::::8;;;;;;==<;8668:4224/4(5)9
1	chr22	GS06929-FS3	L06	1	19736855	1	L	+	-29	5M2B10M0N10M5N10M	083	5M2B10M0N10M5N10M	256	10M6N10M0N10M2B5M	?	2	30		AAGTGTGCCTCCTCTCGGGACTGGTGACGCTCATGTTCTTATTAAGGAGGGAGGCTTATCATTCTCTCTC	5,/76927897:0:9:;;;5:::;/;::;;:::::9:::9:86:1:<::;;<<=::::3:14563:9828
1	chr22	GS06929-FS3	L06	2	14844602	1	R	-	3	5M2B10M0N10M5N10M	115	5M2B10M0N10M5N10M	511	10M5N10M0N10M2B5M	>	3	29		AGGAGAGGAAAAGCAAGGAGAGTGGTTTGGGCATCTAAACTTTTAGAATGTTGTCCAGATTGCATATGAG	79:::9:59:::::::;<;<0;/::::;;:;;:::99:::::719<;<<6<<<;;:::::/4443;:9:9
1	chr22	GS06930-FS3	L01	1	12063896	1	R	-	-15	5M2B10M0N10M5N10M	097	5M2B10M0N10M5N10M	430	10M6N10M0N10M1B5M	?	2	30		CAAGTTATTTATATAAATGGGAAGATAAGGATGACTGTTGTCCAGATGAGCGTCCCCATACCAGTGTCCC	8::::99::::6:89:;<<<:;::::::;::;::9::::::::::;;<;;<:<<::::::%2-32;::9:
1	chr22	GS06930-FS3	L03	1	23331633	1	L	+	-2	5M2B10M0N10M5N10M	110	5M2B10M0N10M5N10M	421	10M6N10M0N10M2B5M	6	0	21		GGACGCGCTCATGCAATCTGGACAAACCTTTAAAATAGACCTAGGTTAGTAAGATCTTCCATTTTTTATA	4334$:8::955%888;:94:;;979::89.86375665571664:6;;:<;;<:9:799%-+5434156
1	chr22	GS06931-FS3	L04	1	3667658	1	L	+	-13	5M2B10M0N10M5N10M	099	5M2B10M0N10M5N10M	450	10M6N10M0N10M2B5M	:	0	25		GACTGTGGTATGGGGACGCTCATGCGGACAACATTCCCATTTATACTTGCAAGTAGTAGTGCCATATAAA	899988987.99::99;;<;59935:::::::::99998:3(6'4.4976;89,88::::.222)88778
1	chr22	GS06931-FS3	L04	1	11429119	1	L	+	-4	5M2B10M0N10M5N10M	108	5M2B10M0N10M5N10M	471	10M6N10M0N10M2B5M	>	3	29		GGGGAGACGCTCATGCAATCTGGACTCACCTTTAAAAGTAGTAGTATTACCAAACATAAAGCCAAAACTG	899698789:::9:8:<<;<6075:;8;98;:;9:9:94::;9:9/;=<<<=;;;:::;:466676:798
1	chr22	GS06932-FS3	L02	2	629138	1	R	-	-29	5M1B10M0N10M6N10M	083	5M1B10M0N10M6N10M	482	10M5N10M0N10M2B5M	<	2	27		TTGGGGGCATCTCAGTTGGCTTTATGTAATTATGGTGCATGAGCGTCCCAGTCCCGAGAGGAGGCCACTT	75250778796786$9:6681321/28778:::88435327+848/$646::::9789881202284'67
1	chr22	GS06932-FS3	L03	1	2209937	1	R	-	-27	5M2B10M0N10M6N10M	085	5M2B10M0N10M6N10M	415	10M6N10M0N10M2B5M	'	0	6		TGGCCGAAGATGTTANTAAGGATGATCTAAGGTTTTTGCATGAGCATACCAGTCCCGAGAGGAGGAGCAC	0)+#$8;:::%&4(3!$69-5:/3:8;9<;65629&3491::999;;<=<<<=;;9::6:96786%.4+2
1	chr22	GS06932-FS3	L04	1	28918732	1	R	-	-6	5M2B10M0N10M6N10M	106	5M2B10M0N10M6N10M	480	10M6N10M0N10M2B5M	2	24	31		TGGGCGCATCTCAGTTGGCTTTATGAATTATGGCATAAAGGTGAACCAGATTGCATGAGCGTCCCCCCCC	,3+52899:979'9,:;;<<:836::::::;:::999::::::::;;<;;<<;;:-()$9-)0(-938()
1	chr22	GS06941-FS3	L03	1	3296807	1	R	-	-29	5M2B10M0N10M5N10M	083	5M2B10M0N10M5N10M	467	10M6N10M0N10M2B5M	<	3	27		TGGCTCTTTATGTTTGGTAATTATGCTACTTGCAACATGAGCGTCACCAGTCCCGAGAGGAGGCACACTT	8::3:9::;::::::;<<<<41::,:::;:::::9::9:57:0:/:9;9;8:8;::;;::64766;87:9
1	chr22	GS06941-FS3	L03	2	3971574	1	L	+	-14	5M1B10M1N10M6N10M	098	5M1B10M1N10M6N10M	464	10M5N10M0N10M2B5M	)	0	8		GGACTTGGTATGGGGCGCTCATGCAACAACATTCAAACTTACAAAGTGCCATAATTACCAAACATATAAA	8964:78:8+5:::::<8<180/70:::;;74988#0&22&+6&)76<<;7<<=;8;;;:3434303-37
1	chr22	GS06941-FS3	L04	1	7877492	1	L	+	2	5M2B10M0N10M6N10M	114	5M2B10M0N10M6N10M	468	10M6N10M0N10M2B5M	:	3	25		GCTCACATGCAATCTGGACAACATTTAAAAGTTTATGCAAGTAGTATAATTACCAAACATAAAGCGCCAA	859989896:'(:89:<;<<:::5:99999::9:9589:5989:06::::;<;<:9998:34343:6:88
1	chr22	GS06941-FS3	L05	2	12505707	1	R	-	2	5M2B10M0N10M6N10M	114	5M2B10M0N10M6N10M	446	10M6N10M0N10M2B5M	>	2	29		TGGCACACTACTACTTGCAAGCATTAATGGGAAGATAAACTTTTAAATGTTGTCCAGATTGCATGTGAGC	5778'9299:93:99'$0+40*2,/8457;,:8+896::::::69<=<=;<;==;:9:9,2223/)39:8
1	chr22	GS06942-FS3	L01	2	10464188	1	R	-	-15	5M2B10M0N10M5N10M	097	5M2B10M0N10M5N10M	444	10M5N10M0N10M2B5M	@	3	31		CACTATACTACTTGCAAGTATTTATTGGGAAGATCTGTTGTCCAGATGAGCGTCCCCATACCAGTGTCCC	7999683979:5::9:;;6;22-4#::::::;:99999:::::::8:;;;:<<<;::;;:3222437199
1	chr22	GS06942-FS3	L02	1	21286535	1	R	-	2	5M2B10M0N10M6N10M	114	5M2B10M0N10M6N10M	460	10M6N10M0N10M2B5M	>	3	29		ATGTTTTTGGTAATTATGGCACTACCAAGTATTTATAAACTTTTAAATGTTGTCCAGATTGCATGTGAGC	8::::9:::;::;:::<<<<;;;;;+&'76::4399:9::70939;<;<<=<=<;:6:::2334.;:9::
1	chr22	GS06942-FS3	L03	1	2457599	1	R	-	-15	5M2B10M0N10M5N10M	097	5M2B10M0N10M5N10M	449	10M6N10M0N10M2B5M	>	3	29		TTATGTGGCACTACTACTTGCAAGTATAAATGGGATGTTGTCCAGATGAGCGTCCCCATACCAGTGTCCC	7(623899::94::92;::1;:::8:&899:9::939:9:9:::9;8;6:===<;9::::3131/87899
1	chr22	GS06942-FS3	L03	1	7959212	1	L	+	-16	5M2B10M0N10M6N10M	096	5M2B10M0N10M6N10M	494	10M5N10M0N10M2B5M	%	1	4		CGGGAGACTGGTATGGGGACGCTCACTGGACAACAAACAAAAAGCTAGATGCCCAAAGGGGGCCGCACTC	8-2+:)72:0/:(3:&&5<+/%;-18::;:39:68+:02/(::'7'1-2*$-15;::498*)+)#3-:,4
1	chr22	GS06942-FS3	L04	2	18442142	1	R	-	-26	5M2B10M0N10M5N10M	086	5M2B10M0N10M5N10M	410	10M6N10M0N10M2B5M	5	3	20		AGATCTCTTACTAAGGATGACCTAGGGTTTCCAAATTGCATGAGCCATACCAGTCCCGAGAGGAGAGGCA	899::8:899:9:99:;;;:::90/:998::::98999:14:918::;;;<;<;::::::45665:99:9
1	chr22	GS06942-FS3	L05	1	7556173	1	L	+	-16	5M1B10M0N10M5N10M	096	5M1B10M0N10M5N10M	415	10M6N10M0N10M2B5M	?	2	30		CGGGAACTGGTATGGGGACGCTCATCTGGACAACAAAACCTTAGATCATCCTTAGTAAGATCTTCTCCCA	7:7::657:99;:9::2<<2::65:;:;:;;:;99:::::88:89:;;::<<==:49:::45543976::
1	chr22	GS06942-FS3	L06	1	14287692	1	R	-	-16	5M1B10M0N10M5N10M	096	5M1B10M0N10M5N10M	483	10M5N10M0N10M2B5M	@	3	31		TTTGGGGGCATCTCAGTTGGCTTTAGGTAATTATGTGTTGTCCAGATGAGCGTCCCCATACCAGTTCCCG	789998::::::::7:<<<<::;:59:::;:;:::9:::::;::::;;;;<<<<:::;::5535488888
1	chr22	GS06953-FS3	L04	1	8472625	1	R	-	-2	5M2B10M0N10M5N10M	110	5M2B10M0N10M5N10M	505	10M5N10M0N10M1B5M	9	2	24		GAAAAAGCAAGGAGAGTGGCCCCCTCATCTCAGTTTTTTAAAGGTTTGTCCAGATTGCATGAGCGCGTCC	-9978:::;;6:::::6;<4::;;::98:::;9889:9::;;;:5;<<=<<=:<:44:95264243:455
